day,miles,acute_miles,chronic_miles,acwr,risk_band
2022-08-02,2.762,2.762,0.69,,
2022-08-03,0.0,2.762,0.69,,
2022-08-04,0.0,2.762,0.69,,
2022-08-05,0.0,2.762,0.69,,
2022-08-06,0.0,2.762,0.69,,
2022-08-07,2.011,4.773,1.193,,
2022-08-08,0.0,4.773,1.193,,
2022-08-09,0.0,2.011,1.193,,
2022-08-10,0.0,2.011,1.193,,
2022-08-11,0.0,2.011,1.193,,
2022-08-12,0.0,2.011,1.193,,
2022-08-13,0.0,2.011,1.193,,
2022-08-14,0.0,0.0,1.193,,
2022-08-15,0.0,0.0,1.193,,
2022-08-16,2.003,2.003,1.694,,
2022-08-17,3.003,5.007,2.445,,
2022-08-18,2.002,7.009,2.945,,
2022-08-19,3.0,10.009,3.695,,
2022-08-20,2.004,12.013,4.196,,
2022-08-21,0.0,12.013,4.196,,
2022-08-22,0.0,12.013,4.196,,
2022-08-23,0.0,10.01,4.196,,
2022-08-24,0.0,7.006,4.196,,
2022-08-25,0.0,5.004,4.196,,
2022-08-26,0.0,2.004,4.196,,
2022-08-27,0.0,0.0,4.196,,
2022-08-28,0.0,0.0,4.196,,
2022-08-29,0.0,0.0,4.196,0.0,low
2022-08-30,0.0,0.0,3.506,0.0,low
2022-08-31,0.0,0.0,3.506,0.0,low
2022-09-01,0.0,0.0,3.506,0.0,low
2022-09-02,0.0,0.0,3.506,0.0,low
2022-09-03,0.0,0.0,3.506,0.0,low
2022-09-04,0.0,0.0,3.003,0.0,low
2022-09-05,0.0,0.0,3.003,0.0,low
2022-09-06,0.0,0.0,3.003,0.0,low
2022-09-07,0.0,0.0,3.003,0.0,low
2022-09-08,0.0,0.0,3.003,0.0,low
2022-09-09,0.0,0.0,3.003,0.0,low
2022-09-10,0.0,0.0,3.003,0.0,low
2022-09-11,0.0,0.0,3.003,0.0,low
2022-09-12,0.0,0.0,3.003,0.0,low
2022-09-13,0.0,0.0,2.502,0.0,low
2022-09-14,0.0,0.0,1.752,0.0,low
2022-09-15,0.0,0.0,1.251,0.0,low
2022-09-16,0.0,0.0,0.501,0.0,low
2022-09-17,0.0,0.0,0.0,,
2022-09-18,0.0,0.0,0.0,,
2022-09-19,0.0,0.0,0.0,,
2022-09-20,0.0,0.0,0.0,,
2022-09-21,0.0,0.0,0.0,,
2022-09-22,0.0,0.0,0.0,,
2022-09-23,0.0,0.0,0.0,,
2022-09-24,0.0,0.0,0.0,,
2022-09-25,0.0,0.0,0.0,,
2022-09-26,0.0,0.0,0.0,,
2022-09-27,0.0,0.0,0.0,,
2022-09-28,0.0,0.0,0.0,,
2022-09-29,0.0,0.0,0.0,,
2022-09-30,0.0,0.0,0.0,,
2022-10-01,0.0,0.0,0.0,,
2022-10-02,0.0,0.0,0.0,,
2022-10-03,0.0,0.0,0.0,,
2022-10-04,0.0,0.0,0.0,,
2022-10-05,0.0,0.0,0.0,,
2022-10-06,0.0,0.0,0.0,,
2022-10-07,0.0,0.0,0.0,,
2022-10-08,0.0,0.0,0.0,,
2022-10-09,0.0,0.0,0.0,,
2022-10-10,0.0,0.0,0.0,,
2022-10-11,0.0,0.0,0.0,,
2022-10-12,0.0,0.0,0.0,,
2022-10-13,0.0,0.0,0.0,,
2022-10-14,0.0,0.0,0.0,,
2022-10-15,0.0,0.0,0.0,,
2022-10-16,0.0,0.0,0.0,,
2022-10-17,0.0,0.0,0.0,,
2022-10-18,0.0,0.0,0.0,,
2022-10-19,0.0,0.0,0.0,,
2022-10-20,0.0,0.0,0.0,,
2022-10-21,0.0,0.0,0.0,,
2022-10-22,0.0,0.0,0.0,,
2022-10-23,0.0,0.0,0.0,,
2022-10-24,0.0,0.0,0.0,,
2022-10-25,0.0,0.0,0.0,,
2022-10-26,0.0,0.0,0.0,,
2022-10-27,0.0,0.0,0.0,,
2022-10-28,0.0,0.0,0.0,,
2022-10-29,0.0,0.0,0.0,,
2022-10-30,0.0,0.0,0.0,,
2022-10-31,0.0,0.0,0.0,,
2022-11-01,0.0,0.0,0.0,,
2022-11-02,0.0,0.0,0.0,,
2022-11-03,0.0,0.0,0.0,,
2022-11-04,1.002,1.002,0.25,4.0,high
2022-11-05,0.0,1.002,0.25,4.0,high
2022-11-06,0.0,1.002,0.25,4.0,high
2022-11-07,0.0,1.002,0.25,4.0,high
2022-11-08,0.0,1.002,0.25,4.0,high
2022-11-09,0.0,1.002,0.25,4.0,high
2022-11-10,0.0,1.002,0.25,4.0,high
2022-11-11,0.0,0.0,0.25,0.0,low
2022-11-12,0.0,0.0,0.25,0.0,low
2022-11-13,0.0,0.0,0.25,0.0,low
2022-11-14,0.0,0.0,0.25,0.0,low
2022-11-15,0.0,0.0,0.25,0.0,low
2022-11-16,0.0,0.0,0.25,0.0,low
2022-11-17,0.0,0.0,0.25,0.0,low
2022-11-18,0.0,0.0,0.25,0.0,low
2022-11-19,0.0,0.0,0.25,0.0,low
2022-11-20,0.0,0.0,0.25,0.0,low
2022-11-21,0.0,0.0,0.25,0.0,low
2022-11-22,0.0,0.0,0.25,0.0,low
2022-11-23,0.0,0.0,0.25,0.0,low
2022-11-24,0.0,0.0,0.25,0.0,low
2022-11-25,0.0,0.0,0.25,0.0,low
2022-11-26,0.0,0.0,0.25,0.0,low
2022-11-27,0.0,0.0,0.25,0.0,low
2022-11-28,0.0,0.0,0.25,0.0,low
2022-11-29,0.0,0.0,0.25,0.0,low
2022-11-30,0.0,0.0,0.25,0.0,low
2022-12-01,0.0,0.0,0.25,0.0,low
2022-12-02,0.0,0.0,0.0,,
2022-12-03,0.0,0.0,0.0,,
2022-12-04,0.0,0.0,0.0,,
2022-12-05,0.0,0.0,0.0,,
2022-12-06,0.0,0.0,0.0,,
2022-12-07,0.0,0.0,0.0,,
2022-12-08,0.0,0.0,0.0,,
2022-12-09,0.0,0.0,0.0,,
2022-12-10,0.0,0.0,0.0,,
2022-12-11,0.0,0.0,0.0,,
2022-12-12,0.0,0.0,0.0,,
2022-12-13,0.0,0.0,0.0,,
2022-12-14,0.0,0.0,0.0,,
2022-12-15,0.0,0.0,0.0,,
2022-12-16,0.0,0.0,0.0,,
2022-12-17,0.0,0.0,0.0,,
2022-12-18,0.0,0.0,0.0,,
2022-12-19,0.0,0.0,0.0,,
2022-12-20,0.0,0.0,0.0,,
2022-12-21,0.0,0.0,0.0,,
2022-12-22,0.0,0.0,0.0,,
2022-12-23,0.0,0.0,0.0,,
2022-12-24,0.0,0.0,0.0,,
2022-12-25,0.0,0.0,0.0,,
2022-12-26,0.0,0.0,0.0,,
2022-12-27,0.0,0.0,0.0,,
2022-12-28,0.0,0.0,0.0,,
2022-12-29,0.0,0.0,0.0,,
2022-12-30,0.0,0.0,0.0,,
2022-12-31,0.0,0.0,0.0,,
2023-01-01,0.0,0.0,0.0,,
2023-01-02,0.0,0.0,0.0,,
2023-01-03,0.0,0.0,0.0,,
2023-01-04,0.0,0.0,0.0,,
2023-01-05,0.0,0.0,0.0,,
2023-01-06,0.0,0.0,0.0,,
2023-01-07,0.0,0.0,0.0,,
2023-01-08,0.0,0.0,0.0,,
2023-01-09,0.0,0.0,0.0,,
2023-01-10,0.0,0.0,0.0,,
2023-01-11,0.0,0.0,0.0,,
2023-01-12,0.0,0.0,0.0,,
2023-01-13,0.0,0.0,0.0,,
2023-01-14,0.0,0.0,0.0,,
2023-01-15,0.0,0.0,0.0,,
2023-01-16,0.0,0.0,0.0,,
2023-01-17,0.0,0.0,0.0,,
2023-01-18,1.502,1.502,0.376,4.0,high
2023-01-19,0.0,1.502,0.376,4.0,high
2023-01-20,0.0,1.502,0.376,4.0,high
2023-01-21,0.0,1.502,0.376,4.0,high
2023-01-22,0.0,1.502,0.376,4.0,high
2023-01-23,0.0,1.502,0.376,4.0,high
2023-01-24,0.0,1.502,0.376,4.0,high
2023-01-25,0.0,0.0,0.376,0.0,low
2023-01-26,0.0,0.0,0.376,0.0,low
2023-01-27,0.0,0.0,0.376,0.0,low
2023-01-28,0.0,0.0,0.376,0.0,low
2023-01-29,0.0,0.0,0.376,0.0,low
2023-01-30,0.0,0.0,0.376,0.0,low
2023-01-31,0.0,0.0,0.376,0.0,low
2023-02-01,0.0,0.0,0.376,0.0,low
2023-02-02,0.0,0.0,0.376,0.0,low
2023-02-03,0.0,0.0,0.376,0.0,low
2023-02-04,0.0,0.0,0.376,0.0,low
2023-02-05,0.0,0.0,0.376,0.0,low
2023-02-06,0.0,0.0,0.376,0.0,low
2023-02-07,0.0,0.0,0.376,0.0,low
2023-02-08,0.0,0.0,0.376,0.0,low
2023-02-09,0.0,0.0,0.376,0.0,low
2023-02-10,0.0,0.0,0.376,0.0,low
2023-02-11,0.0,0.0,0.376,0.0,low
2023-02-12,0.0,0.0,0.376,0.0,low
2023-02-13,0.0,0.0,0.376,0.0,low
2023-02-14,0.0,0.0,0.376,0.0,low
2023-02-15,0.0,0.0,0.0,,
2023-02-16,0.0,0.0,0.0,,
2023-02-17,0.0,0.0,0.0,,
2023-02-18,0.0,0.0,0.0,,
2023-02-19,0.0,0.0,0.0,,
2023-02-20,0.0,0.0,0.0,,
2023-02-21,0.0,0.0,0.0,,
2023-02-22,0.0,0.0,0.0,,
2023-02-23,0.0,0.0,0.0,,
2023-02-24,0.0,0.0,0.0,,
2023-02-25,0.0,0.0,0.0,,
2023-02-26,0.0,0.0,0.0,,
2023-02-27,0.0,0.0,0.0,,
2023-02-28,0.0,0.0,0.0,,
2023-03-01,1.24,1.24,0.31,4.0,high
2023-03-02,0.0,1.24,0.31,4.0,high
2023-03-03,0.0,1.24,0.31,4.0,high
2023-03-04,2.119,3.359,0.84,4.0,high
2023-03-05,0.0,3.359,0.84,4.0,high
2023-03-06,0.0,3.359,0.84,4.0,high
2023-03-07,0.0,3.359,0.84,4.0,high
2023-03-08,0.0,2.119,0.84,2.523,high
2023-03-09,0.0,2.119,0.84,2.523,high
2023-03-10,0.0,2.119,0.84,2.523,high
2023-03-11,0.0,0.0,0.84,0.0,low
2023-03-12,0.0,0.0,0.84,0.0,low
2023-03-13,1.005,1.005,1.091,0.921,optimal
2023-03-14,0.0,1.005,1.091,0.921,optimal
2023-03-15,0.0,1.005,1.091,0.921,optimal
2023-03-16,0.0,1.005,1.091,0.921,optimal
2023-03-17,0.0,1.005,1.091,0.921,optimal
2023-03-18,0.0,1.005,1.091,0.921,optimal
2023-03-19,0.0,1.005,1.091,0.921,optimal
2023-03-20,0.0,0.0,1.091,0.0,low
2023-03-21,0.0,0.0,1.091,0.0,low
2023-03-22,0.0,0.0,1.091,0.0,low
2023-03-23,0.0,0.0,1.091,0.0,low
2023-03-24,0.0,0.0,1.091,0.0,low
2023-03-25,0.0,0.0,1.091,0.0,low
2023-03-26,0.0,0.0,1.091,0.0,low
2023-03-27,0.0,0.0,1.091,0.0,low
2023-03-28,0.0,0.0,1.091,0.0,low
2023-03-29,0.0,0.0,0.781,0.0,low
2023-03-30,0.0,0.0,0.781,0.0,low
2023-03-31,0.0,0.0,0.781,0.0,low
2023-04-01,3.124,3.124,1.032,3.026,high
2023-04-02,0.0,3.124,1.032,3.026,high
2023-04-03,0.0,3.124,1.032,3.026,high
2023-04-04,0.0,3.124,1.032,3.026,high
2023-04-05,0.0,3.124,1.032,3.026,high
2023-04-06,0.0,3.124,1.032,3.026,high
2023-04-07,0.0,3.124,1.032,3.026,high
2023-04-08,2.098,2.098,1.557,1.347,optimal
2023-04-09,0.0,2.098,1.557,1.347,optimal
2023-04-10,0.0,2.098,1.305,1.607,high
2023-04-11,1.551,3.649,1.693,2.155,high
2023-04-12,0.0,3.649,1.693,2.155,high
2023-04-13,0.0,3.649,1.693,2.155,high
2023-04-14,0.0,3.649,1.693,2.155,high
2023-04-15,0.0,1.551,1.693,0.916,optimal
2023-04-16,0.749,2.3,1.88,1.223,optimal
2023-04-17,0.0,2.3,1.88,1.223,optimal
2023-04-18,0.0,0.749,1.88,0.398,low
2023-04-19,0.0,0.749,1.88,0.398,low
2023-04-20,0.5,1.249,2.005,0.623,low
2023-04-21,0.0,1.249,2.005,0.623,low
2023-04-22,0.0,1.249,2.005,0.623,low
2023-04-23,0.0,0.5,2.005,0.249,low
2023-04-24,0.0,0.5,2.005,0.249,low
2023-04-25,0.0,0.5,2.005,0.249,low
2023-04-26,0.0,0.5,2.005,0.249,low
2023-04-27,0.0,0.0,2.005,0.0,low
2023-04-28,0.0,0.0,2.005,0.0,low
2023-04-29,0.0,0.0,1.224,0.0,low
2023-04-30,0.0,0.0,1.224,0.0,low
2023-05-01,0.0,0.0,1.224,0.0,low
2023-05-02,0.0,0.0,1.224,0.0,low
2023-05-03,0.0,0.0,1.224,0.0,low
2023-05-04,0.0,0.0,1.224,0.0,low
2023-05-05,0.0,0.0,1.224,0.0,low
2023-05-06,0.0,0.0,0.7,0.0,low
2023-05-07,0.0,0.0,0.7,0.0,low
2023-05-08,0.0,0.0,0.7,0.0,low
2023-05-09,0.0,0.0,0.312,0.0,low
2023-05-10,0.0,0.0,0.312,0.0,low
2023-05-11,0.0,0.0,0.312,0.0,low
2023-05-12,0.0,0.0,0.312,0.0,low
2023-05-13,0.0,0.0,0.312,0.0,low
2023-05-14,0.0,0.0,0.125,0.0,low
2023-05-15,0.0,0.0,0.125,0.0,low
2023-05-16,0.5,0.5,0.25,2.0,high
2023-05-17,0.0,0.5,0.25,2.0,high
2023-05-18,0.0,0.5,0.125,4.0,high
2023-05-19,0.0,0.5,0.125,4.0,high
2023-05-20,0.0,0.5,0.125,4.0,high
2023-05-21,0.0,0.5,0.125,4.0,high
2023-05-22,0.0,0.5,0.125,4.0,high
2023-05-23,0.0,0.0,0.125,0.0,low
2023-05-24,1.322,1.322,0.455,2.902,high
2023-05-25,0.0,1.322,0.455,2.902,high
2023-05-26,0.0,1.322,0.455,2.902,high
2023-05-27,0.0,1.322,0.455,2.902,high
2023-05-28,0.0,1.322,0.455,2.902,high
2023-05-29,0.0,1.322,0.455,2.902,high
2023-05-30,0.0,1.322,0.455,2.902,high
2023-05-31,0.0,0.0,0.455,0.0,low
2023-06-01,0.0,0.0,0.455,0.0,low
2023-06-02,0.0,0.0,0.455,0.0,low
2023-06-03,0.0,0.0,0.455,0.0,low
2023-06-04,0.0,0.0,0.455,0.0,low
2023-06-05,0.0,0.0,0.455,0.0,low
2023-06-06,0.0,0.0,0.455,0.0,low
2023-06-07,0.0,0.0,0.455,0.0,low
2023-06-08,0.0,0.0,0.455,0.0,low
2023-06-09,0.0,0.0,0.455,0.0,low
2023-06-10,0.0,0.0,0.455,0.0,low
2023-06-11,1.001,1.001,0.706,1.418,optimal
2023-06-12,0.0,1.001,0.706,1.418,optimal
2023-06-13,0.0,1.001,0.581,1.724,high
2023-06-14,0.0,1.001,0.581,1.724,high
2023-06-15,0.0,1.001,0.581,1.724,high
2023-06-16,0.0,1.001,0.581,1.724,high
2023-06-17,0.0,1.001,0.581,1.724,high
2023-06-18,0.0,0.0,0.581,0.0,low
2023-06-19,0.0,0.0,0.581,0.0,low
2023-06-20,0.0,0.0,0.581,0.0,low
2023-06-21,0.0,0.0,0.25,0.0,low
2023-06-22,0.0,0.0,0.25,0.0,low
2023-06-23,0.0,0.0,0.25,0.0,low
2023-06-24,0.0,0.0,0.25,0.0,low
2023-06-25,0.0,0.0,0.25,0.0,low
2023-06-26,0.0,0.0,0.25,0.0,low
2023-06-27,0.0,0.0,0.25,0.0,low
2023-06-28,0.0,0.0,0.25,0.0,low
2023-06-29,0.0,0.0,0.25,0.0,low
2023-06-30,0.0,0.0,0.25,0.0,low
2023-07-01,0.0,0.0,0.25,0.0,low
2023-07-02,0.0,0.0,0.25,0.0,low
2023-07-03,0.0,0.0,0.25,0.0,low
2023-07-04,0.0,0.0,0.25,0.0,low
2023-07-05,0.0,0.0,0.25,0.0,low
2023-07-06,0.0,0.0,0.25,0.0,low
2023-07-07,0.0,0.0,0.25,0.0,low
2023-07-08,0.0,0.0,0.25,0.0,low
2023-07-09,0.0,0.0,0.0,,
2023-07-10,0.0,0.0,0.0,,
2023-07-11,0.0,0.0,0.0,,
2023-07-12,0.0,0.0,0.0,,
2023-07-13,0.0,0.0,0.0,,
2023-07-14,0.0,0.0,0.0,,
2023-07-15,0.0,0.0,0.0,,
2023-07-16,1.754,1.754,0.439,4.0,high
2023-07-17,0.0,1.754,0.439,4.0,high
2023-07-18,0.0,1.754,0.439,4.0,high
2023-07-19,0.0,1.754,0.439,4.0,high
2023-07-20,0.0,1.754,0.439,4.0,high
2023-07-21,0.0,1.754,0.439,4.0,high
2023-07-22,0.0,1.754,0.439,4.0,high
2023-07-23,2.009,2.009,0.941,2.136,high
2023-07-24,0.0,2.009,0.941,2.136,high
2023-07-25,0.0,2.009,0.941,2.136,high
2023-07-26,0.0,2.009,0.941,2.136,high
2023-07-27,0.0,2.009,0.941,2.136,high
2023-07-28,0.0,2.009,0.941,2.136,high
2023-07-29,0.0,2.009,0.941,2.136,high
2023-07-30,0.0,0.0,0.941,0.0,low
2023-07-31,0.0,0.0,0.941,0.0,low
2023-08-01,0.0,0.0,0.941,0.0,low
2023-08-02,0.0,0.0,0.941,0.0,low
2023-08-03,0.0,0.0,0.941,0.0,low
2023-08-04,0.0,0.0,0.941,0.0,low
2023-08-05,0.0,0.0,0.941,0.0,low
2023-08-06,4.003,4.003,1.942,2.062,high
2023-08-07,0.0,4.003,1.942,2.062,high
2023-08-08,0.0,4.003,1.942,2.062,high
2023-08-09,0.0,4.003,1.942,2.062,high
2023-08-10,0.0,4.003,1.942,2.062,high
2023-08-11,0.0,4.003,1.942,2.062,high
2023-08-12,0.0,4.003,1.942,2.062,high
2023-08-13,2.001,2.001,2.003,0.999,optimal
2023-08-14,2.001,4.002,2.504,1.598,high
2023-08-15,0.0,4.002,2.504,1.598,high
2023-08-16,2.001,6.003,3.004,1.998,high
2023-08-17,0.0,6.003,3.004,1.998,high
2023-08-18,2.002,8.005,3.504,2.284,high
2023-08-19,1.042,9.048,3.765,2.403,high
2023-08-20,2.045,9.091,3.774,2.409,high
2023-08-21,3.05,10.141,4.537,2.235,high
2023-08-22,0.0,10.141,4.537,2.235,high
2023-08-23,0.0,8.14,4.537,1.794,high
2023-08-24,0.0,8.14,4.537,1.794,high
2023-08-25,0.0,6.138,4.537,1.353,optimal
2023-08-26,0.0,5.095,4.537,1.123,optimal
2023-08-27,0.0,3.05,4.537,0.672,low
2023-08-28,0.0,0.0,4.537,0.0,low
2023-08-29,0.0,0.0,4.537,0.0,low
2023-08-30,0.0,0.0,4.537,0.0,low
2023-08-31,0.0,0.0,4.537,0.0,low
2023-09-01,0.0,0.0,4.537,0.0,low
2023-09-02,0.0,0.0,4.537,0.0,low
2023-09-03,0.0,0.0,3.536,0.0,low
2023-09-04,0.0,0.0,3.536,0.0,low
2023-09-05,0.0,0.0,3.536,0.0,low
2023-09-06,0.0,0.0,3.536,0.0,low
2023-09-07,0.0,0.0,3.536,0.0,low
2023-09-08,0.0,0.0,3.536,0.0,low
2023-09-09,0.0,0.0,3.536,0.0,low
2023-09-10,0.0,0.0,3.035,0.0,low
2023-09-11,0.0,0.0,2.535,0.0,low
2023-09-12,0.0,0.0,2.535,0.0,low
2023-09-13,0.0,0.0,2.035,0.0,low
2023-09-14,0.0,0.0,2.035,0.0,low
2023-09-15,0.0,0.0,1.534,0.0,low
2023-09-16,0.0,0.0,1.274,0.0,low
2023-09-17,0.0,0.0,0.763,0.0,low
2023-09-18,0.0,0.0,0.0,,
2023-09-19,0.0,0.0,0.0,,
2023-09-20,0.0,0.0,0.0,,
2023-09-21,0.0,0.0,0.0,,
2023-09-22,0.0,0.0,0.0,,
2023-09-23,0.0,0.0,0.0,,
2023-09-24,0.0,0.0,0.0,,
2023-09-25,0.0,0.0,0.0,,
2023-09-26,0.0,0.0,0.0,,
2023-09-27,0.0,0.0,0.0,,
2023-09-28,0.0,0.0,0.0,,
2023-09-29,0.0,0.0,0.0,,
2023-09-30,0.0,0.0,0.0,,
2023-10-01,0.0,0.0,0.0,,
2023-10-02,0.0,0.0,0.0,,
2023-10-03,0.0,0.0,0.0,,
2023-10-04,0.0,0.0,0.0,,
2023-10-05,0.0,0.0,0.0,,
2023-10-06,0.0,0.0,0.0,,
2023-10-07,0.0,0.0,0.0,,
2023-10-08,0.0,0.0,0.0,,
2023-10-09,0.0,0.0,0.0,,
2023-10-10,0.0,0.0,0.0,,
2023-10-11,0.0,0.0,0.0,,
2023-10-12,0.0,0.0,0.0,,
2023-10-13,0.0,0.0,0.0,,
2023-10-14,0.0,0.0,0.0,,
2023-10-15,0.0,0.0,0.0,,
2023-10-16,0.0,0.0,0.0,,
2023-10-17,0.0,0.0,0.0,,
2023-10-18,0.0,0.0,0.0,,
2023-10-19,0.0,0.0,0.0,,
2023-10-20,0.0,0.0,0.0,,
2023-10-21,0.0,0.0,0.0,,
2023-10-22,0.0,0.0,0.0,,
2023-10-23,0.0,0.0,0.0,,
2023-10-24,0.0,0.0,0.0,,
2023-10-25,0.0,0.0,0.0,,
2023-10-26,0.0,0.0,0.0,,
2023-10-27,0.0,0.0,0.0,,
2023-10-28,0.0,0.0,0.0,,
2023-10-29,0.0,0.0,0.0,,
2023-10-30,0.0,0.0,0.0,,
2023-10-31,0.0,0.0,0.0,,
2023-11-01,0.0,0.0,0.0,,
2023-11-02,0.0,0.0,0.0,,
2023-11-03,0.0,0.0,0.0,,
2023-11-04,0.0,0.0,0.0,,
2023-11-05,0.0,0.0,0.0,,
2023-11-06,0.0,0.0,0.0,,
2023-11-07,0.0,0.0,0.0,,
2023-11-08,0.0,0.0,0.0,,
2023-11-09,1.265,1.265,0.316,4.0,high
2023-11-10,0.0,1.265,0.316,4.0,high
2023-11-11,0.0,1.265,0.316,4.0,high
2023-11-12,0.0,1.265,0.316,4.0,high
2023-11-13,0.0,1.265,0.316,4.0,high
2023-11-14,0.0,1.265,0.316,4.0,high
2023-11-15,0.0,1.265,0.316,4.0,high
2023-11-16,0.0,0.0,0.316,0.0,low
2023-11-17,0.0,0.0,0.316,0.0,low
2023-11-18,0.0,0.0,0.316,0.0,low
2023-11-19,0.0,0.0,0.316,0.0,low
2023-11-20,0.0,0.0,0.316,0.0,low
2023-11-21,0.0,0.0,0.316,0.0,low
2023-11-22,0.0,0.0,0.316,0.0,low
2023-11-23,3.0,3.0,1.066,2.814,high
2023-11-24,0.0,3.0,1.066,2.814,high
2023-11-25,0.0,3.0,1.066,2.814,high
2023-11-26,0.0,3.0,1.066,2.814,high
2023-11-27,0.0,3.0,1.066,2.814,high
2023-11-28,0.0,3.0,1.066,2.814,high
2023-11-29,0.0,3.0,1.066,2.814,high
2023-11-30,0.0,0.0,1.066,0.0,low
2023-12-01,0.0,0.0,1.066,0.0,low
2023-12-02,0.0,0.0,1.066,0.0,low
2023-12-03,4.003,4.003,2.067,1.936,high
2023-12-04,0.0,4.003,2.067,1.936,high
2023-12-05,0.0,4.003,2.067,1.936,high
2023-12-06,0.0,4.003,2.067,1.936,high
2023-12-07,0.0,4.003,1.751,2.286,high
2023-12-08,0.0,4.003,1.751,2.286,high
2023-12-09,0.0,4.003,1.751,2.286,high
2023-12-10,0.0,0.0,1.751,0.0,low
2023-12-11,2.999,2.999,2.501,1.2,optimal
2023-12-12,0.0,2.999,2.501,1.2,optimal
2023-12-13,0.0,2.999,2.501,1.2,optimal
2023-12-14,0.0,2.999,2.501,1.2,optimal
2023-12-15,0.0,2.999,2.501,1.2,optimal
2023-12-16,3.5,6.5,3.376,1.925,high
2023-12-17,0.0,6.5,3.376,1.925,high
2023-12-18,0.0,3.5,3.376,1.037,optimal
2023-12-19,0.0,3.5,3.376,1.037,optimal
2023-12-20,0.0,3.5,3.376,1.037,optimal
2023-12-21,0.0,3.5,2.626,1.333,optimal
2023-12-22,0.0,3.5,2.626,1.333,optimal
2023-12-23,0.0,0.0,2.626,0.0,low
2023-12-24,5.001,5.001,3.876,1.29,optimal
2023-12-25,0.0,5.001,3.876,1.29,optimal
2023-12-26,3.0,8.0,4.626,1.73,high
2023-12-27,3.003,11.003,5.376,2.047,high
2023-12-28,0.0,11.003,5.376,2.047,high
2023-12-29,0.0,11.003,5.376,2.047,high
2023-12-30,5.008,16.012,6.628,2.416,high
2023-12-31,0.0,11.011,5.628,1.957,high
2024-01-01,0.0,11.011,5.628,1.957,high
2024-01-02,8.001,16.013,7.628,2.099,high
2024-01-03,0.0,13.009,7.628,1.705,high
2024-01-04,0.0,13.009,7.628,1.705,high
2024-01-05,0.0,13.009,7.628,1.705,high
2024-01-06,0.0,8.001,7.628,1.049,optimal
2024-01-07,0.0,8.001,7.628,1.049,optimal
2024-01-08,3.0,11.001,7.628,1.442,optimal
2024-01-09,0.0,3.0,7.628,0.393,low
2024-01-10,0.0,3.0,7.628,0.393,low
2024-01-11,0.0,3.0,7.628,0.393,low
2024-01-12,0.0,3.0,7.628,0.393,low
2024-01-13,0.0,3.0,6.753,0.444,low
2024-01-14,0.0,3.0,6.753,0.444,low
2024-01-15,0.0,0.0,6.753,0.0,low
2024-01-16,0.0,0.0,6.753,0.0,low
2024-01-17,0.0,0.0,6.753,0.0,low
2024-01-18,0.0,0.0,6.753,0.0,low
2024-01-19,0.0,0.0,6.753,0.0,low
2024-01-20,0.0,0.0,6.753,0.0,low
2024-01-21,0.0,0.0,5.503,0.0,low
2024-01-22,0.0,0.0,5.503,0.0,low
2024-01-23,0.0,0.0,4.753,0.0,low
2024-01-24,0.0,0.0,4.002,0.0,low
2024-01-25,0.0,0.0,4.002,0.0,low
2024-01-26,0.0,0.0,4.002,0.0,low
2024-01-27,0.0,0.0,2.75,0.0,low
2024-01-28,0.0,0.0,2.75,0.0,low
2024-01-29,0.0,0.0,2.75,0.0,low
2024-01-30,0.0,0.0,0.75,0.0,low
2024-01-31,0.0,0.0,0.75,0.0,low
2024-02-01,0.0,0.0,0.75,0.0,low
2024-02-02,0.0,0.0,0.75,0.0,low
2024-02-03,0.0,0.0,0.75,0.0,low
2024-02-04,0.0,0.0,0.75,0.0,low
2024-02-05,0.0,0.0,0.0,,
2024-02-06,0.0,0.0,0.0,,
2024-02-07,0.0,0.0,0.0,,
2024-02-08,0.0,0.0,0.0,,
2024-02-09,0.0,0.0,0.0,,
2024-02-10,0.0,0.0,0.0,,
2024-02-11,0.0,0.0,0.0,,
2024-02-12,0.0,0.0,0.0,,
2024-02-13,0.0,0.0,0.0,,
2024-02-14,0.0,0.0,0.0,,
2024-02-15,0.0,0.0,0.0,,
2024-02-16,0.0,0.0,0.0,,
2024-02-17,0.0,0.0,0.0,,
2024-02-18,0.0,0.0,0.0,,
2024-02-19,0.0,0.0,0.0,,
2024-02-20,0.0,0.0,0.0,,
2024-02-21,0.0,0.0,0.0,,
2024-02-22,0.0,0.0,0.0,,
2024-02-23,0.0,0.0,0.0,,
2024-02-24,0.0,0.0,0.0,,
2024-02-25,0.0,0.0,0.0,,
2024-02-26,0.0,0.0,0.0,,
2024-02-27,0.0,0.0,0.0,,
2024-02-28,0.0,0.0,0.0,,
2024-02-29,0.0,0.0,0.0,,
2024-03-01,0.0,0.0,0.0,,
2024-03-02,0.0,0.0,0.0,,
2024-03-03,0.0,0.0,0.0,,
2024-03-04,0.0,0.0,0.0,,
2024-03-05,0.0,0.0,0.0,,
2024-03-06,0.0,0.0,0.0,,
2024-03-07,0.0,0.0,0.0,,
2024-03-08,0.0,0.0,0.0,,
2024-03-09,0.0,0.0,0.0,,
2024-03-10,0.0,0.0,0.0,,
2024-03-11,0.0,0.0,0.0,,
2024-03-12,0.0,0.0,0.0,,
2024-03-13,0.0,0.0,0.0,,
2024-03-14,0.0,0.0,0.0,,
2024-03-15,0.0,0.0,0.0,,
2024-03-16,0.0,0.0,0.0,,
2024-03-17,0.0,0.0,0.0,,
2024-03-18,0.0,0.0,0.0,,
2024-03-19,0.0,0.0,0.0,,
2024-03-20,0.0,0.0,0.0,,
2024-03-21,0.0,0.0,0.0,,
2024-03-22,0.0,0.0,0.0,,
2024-03-23,0.0,0.0,0.0,,
2024-03-24,0.0,0.0,0.0,,
2024-03-25,0.0,0.0,0.0,,
2024-03-26,0.0,0.0,0.0,,
2024-03-27,0.0,0.0,0.0,,
2024-03-28,0.0,0.0,0.0,,
2024-03-29,0.0,0.0,0.0,,
2024-03-30,0.0,0.0,0.0,,
2024-03-31,0.0,0.0,0.0,,
2024-04-01,0.0,0.0,0.0,,
2024-04-02,0.0,0.0,0.0,,
2024-04-03,0.0,0.0,0.0,,
2024-04-04,0.0,0.0,0.0,,
2024-04-05,0.0,0.0,0.0,,
2024-04-06,0.0,0.0,0.0,,
2024-04-07,0.0,0.0,0.0,,
2024-04-08,0.0,0.0,0.0,,
2024-04-09,0.0,0.0,0.0,,
2024-04-10,0.0,0.0,0.0,,
2024-04-11,0.0,0.0,0.0,,
2024-04-12,0.0,0.0,0.0,,
2024-04-13,0.0,0.0,0.0,,
2024-04-14,0.0,0.0,0.0,,
2024-04-15,0.0,0.0,0.0,,
2024-04-16,0.0,0.0,0.0,,
2024-04-17,0.0,0.0,0.0,,
2024-04-18,0.0,0.0,0.0,,
2024-04-19,3.001,3.001,0.75,4.0,high
2024-04-20,3.003,6.004,1.501,4.0,high
2024-04-21,0.0,6.004,1.501,4.0,high
2024-04-22,0.0,6.004,1.501,4.0,high
2024-04-23,0.0,6.004,1.501,4.0,high
2024-04-24,0.0,6.004,1.501,4.0,high
2024-04-25,0.0,6.004,1.501,4.0,high
2024-04-26,0.0,3.003,1.501,2.001,high
2024-04-27,0.0,0.0,1.501,0.0,low
2024-04-28,0.0,0.0,1.501,0.0,low
2024-04-29,0.0,0.0,1.501,0.0,low
2024-04-30,0.0,0.0,1.501,0.0,low
2024-05-01,0.0,0.0,1.501,0.0,low
2024-05-02,0.0,0.0,1.501,0.0,low
2024-05-03,0.0,0.0,1.501,0.0,low
2024-05-04,0.0,0.0,1.501,0.0,low
2024-05-05,0.0,0.0,1.501,0.0,low
2024-05-06,0.0,0.0,1.501,0.0,low
2024-05-07,0.0,0.0,1.501,0.0,low
2024-05-08,0.0,0.0,1.501,0.0,low
2024-05-09,0.0,0.0,1.501,0.0,low
2024-05-10,0.0,0.0,1.501,0.0,low
2024-05-11,0.0,0.0,1.501,0.0,low
2024-05-12,0.0,0.0,1.501,0.0,low
2024-05-13,0.0,0.0,1.501,0.0,low
2024-05-14,0.0,0.0,1.501,0.0,low
2024-05-15,0.0,0.0,1.501,0.0,low
2024-05-16,0.0,0.0,1.501,0.0,low
2024-05-17,0.0,0.0,0.751,0.0,low
2024-05-18,0.0,0.0,0.0,,
2024-05-19,0.0,0.0,0.0,,
2024-05-20,0.0,0.0,0.0,,
2024-05-21,0.0,0.0,0.0,,
2024-05-22,0.0,0.0,0.0,,
2024-05-23,0.0,0.0,0.0,,
2024-05-24,0.0,0.0,0.0,,
2024-05-25,0.0,0.0,0.0,,
2024-05-26,0.0,0.0,0.0,,
2024-05-27,0.0,0.0,0.0,,
2024-05-28,0.0,0.0,0.0,,
2024-05-29,0.0,0.0,0.0,,
2024-05-30,0.0,0.0,0.0,,
2024-05-31,0.0,0.0,0.0,,
2024-06-01,0.0,0.0,0.0,,
2024-06-02,0.0,0.0,0.0,,
2024-06-03,0.0,0.0,0.0,,
2024-06-04,0.0,0.0,0.0,,
2024-06-05,0.0,0.0,0.0,,
2024-06-06,0.0,0.0,0.0,,
2024-06-07,0.0,0.0,0.0,,
2024-06-08,0.0,0.0,0.0,,
2024-06-09,2.003,2.003,0.501,4.0,high
2024-06-10,0.0,2.003,0.501,4.0,high
2024-06-11,0.0,2.003,0.501,4.0,high
2024-06-12,0.0,2.003,0.501,4.0,high
2024-06-13,0.0,2.003,0.501,4.0,high
2024-06-14,0.0,2.003,0.501,4.0,high
2024-06-15,0.0,2.003,0.501,4.0,high
2024-06-16,4.002,4.002,1.501,2.666,high
2024-06-17,0.0,4.002,1.501,2.666,high
2024-06-18,4.166,8.168,2.543,3.212,high
2024-06-19,0.0,8.168,2.543,3.212,high
2024-06-20,2.0,10.168,3.043,3.342,high
2024-06-21,0.0,10.168,3.043,3.342,high
2024-06-22,0.0,10.168,3.043,3.342,high
2024-06-23,0.0,6.167,3.043,2.027,high
2024-06-24,0.0,6.167,3.043,2.027,high
2024-06-25,0.0,2.0,3.043,0.657,low
2024-06-26,0.0,2.0,3.043,0.657,low
2024-06-27,0.0,0.0,3.043,0.0,low
2024-06-28,0.0,0.0,3.043,0.0,low
2024-06-29,0.0,0.0,3.043,0.0,low
2024-06-30,0.0,0.0,3.043,0.0,low
2024-07-01,0.0,0.0,3.043,0.0,low
2024-07-02,0.0,0.0,3.043,0.0,low
2024-07-03,0.0,0.0,3.043,0.0,low
2024-07-04,0.0,0.0,3.043,0.0,low
2024-07-05,0.0,0.0,3.043,0.0,low
2024-07-06,0.0,0.0,3.043,0.0,low
2024-07-07,2.0,2.0,3.042,0.658,low
2024-07-08,0.0,2.0,3.042,0.658,low
2024-07-09,0.0,2.0,3.042,0.658,low
2024-07-10,0.0,2.0,3.042,0.658,low
2024-07-11,0.0,2.0,3.042,0.658,low
2024-07-12,0.0,2.0,3.042,0.658,low
2024-07-13,0.0,2.0,3.042,0.658,low
2024-07-14,0.0,0.0,2.042,0.0,low
2024-07-15,0.0,0.0,2.042,0.0,low
2024-07-16,0.0,0.0,1.0,0.0,low
2024-07-17,0.0,0.0,1.0,0.0,low
2024-07-18,0.0,0.0,0.5,0.0,low
2024-07-19,2.002,2.002,1.001,2.001,high
2024-07-20,0.0,2.002,1.001,2.001,high
2024-07-21,0.0,2.002,1.001,2.001,high
2024-07-22,0.0,2.002,1.001,2.001,high
2024-07-23,0.0,2.002,1.001,2.001,high
2024-07-24,0.0,2.002,1.001,2.001,high
2024-07-25,0.0,2.002,1.001,2.001,high
2024-07-26,0.0,0.0,1.001,0.0,low
2024-07-27,0.0,0.0,1.001,0.0,low
2024-07-28,0.0,0.0,1.001,0.0,low
2024-07-29,0.0,0.0,1.001,0.0,low
2024-07-30,0.0,0.0,1.001,0.0,low
2024-07-31,0.0,0.0,1.001,0.0,low
2024-08-01,0.0,0.0,1.001,0.0,low
2024-08-02,0.0,0.0,1.001,0.0,low
2024-08-03,0.0,0.0,1.001,0.0,low
2024-08-04,0.0,0.0,0.501,0.0,low
2024-08-05,0.0,0.0,0.501,0.0,low
2024-08-06,0.0,0.0,0.501,0.0,low
2024-08-07,0.0,0.0,0.501,0.0,low
2024-08-08,0.0,0.0,0.501,0.0,low
2024-08-09,5.003,5.003,1.751,2.857,high
2024-08-10,0.0,5.003,1.751,2.857,high
2024-08-11,0.0,5.003,1.751,2.857,high
2024-08-12,0.0,5.003,1.751,2.857,high
2024-08-13,3.001,8.004,2.502,3.2,high
2024-08-14,0.0,8.004,2.502,3.2,high
2024-08-15,3.0,11.004,3.252,3.384,high
2024-08-16,4.002,10.003,3.751,2.667,high
2024-08-17,3.0,13.004,4.502,2.889,high
2024-08-18,3.007,16.011,5.253,3.048,high
2024-08-19,3.002,19.014,6.004,3.167,high
2024-08-20,0.0,16.012,6.004,2.667,high
2024-08-21,3.054,19.067,6.768,2.817,high
2024-08-22,0.0,16.067,6.768,2.374,high
2024-08-23,0.0,12.064,6.768,1.783,high
2024-08-24,2.999,12.063,7.517,1.605,high
2024-08-25,3.004,12.059,8.268,1.458,optimal
2024-08-26,0.0,9.057,8.268,1.095,optimal
2024-08-27,0.0,9.057,8.268,1.095,optimal
2024-08-28,0.0,6.002,8.268,0.726,low
2024-08-29,0.0,6.002,8.268,0.726,low
2024-08-30,0.0,6.002,8.268,0.726,low
2024-08-31,3.009,6.013,9.02,0.667,low
2024-09-01,3.009,6.018,9.773,0.616,low
2024-09-02,3.01,9.028,10.525,0.858,optimal
2024-09-03,0.0,9.028,10.525,0.858,optimal
2024-09-04,0.0,9.028,10.525,0.858,optimal
2024-09-05,0.0,9.028,10.525,0.858,optimal
2024-09-06,0.0,9.028,9.275,0.973,optimal
2024-09-07,3.008,9.028,10.027,0.9,optimal
2024-09-08,2.002,8.021,10.527,0.762,low
2024-09-09,0.0,5.011,10.527,0.476,low
2024-09-10,0.0,5.011,9.777,0.513,low
2024-09-11,0.0,5.011,9.777,0.513,low
2024-09-12,0.0,5.011,9.027,0.555,low
2024-09-13,0.0,5.011,8.026,0.624,low
2024-09-14,3.007,5.009,8.028,0.624,low
2024-09-15,3.007,6.013,8.028,0.749,low
2024-09-16,0.0,6.013,7.277,0.826,optimal
2024-09-17,0.0,6.013,7.277,0.826,optimal
2024-09-18,0.0,6.013,6.514,0.923,optimal
2024-09-19,0.0,6.013,6.514,0.923,optimal
2024-09-20,0.0,6.013,6.514,0.923,optimal
2024-09-21,0.593,3.599,5.912,0.609,low
2024-09-22,3.009,3.602,5.914,0.609,low
2024-09-23,0.0,3.602,5.914,0.609,low
2024-09-24,0.0,3.602,5.914,0.609,low
2024-09-25,0.0,3.602,5.914,0.609,low
2024-09-26,0.0,3.602,5.914,0.609,low
2024-09-27,0.0,3.602,5.914,0.609,low
2024-09-28,3.003,6.012,5.912,1.017,optimal
2024-09-29,0.0,3.003,5.16,0.582,low
2024-09-30,0.0,3.003,4.407,0.681,low
2024-10-01,0.0,3.003,4.407,0.681,low
2024-10-02,0.0,3.003,4.407,0.681,low
2024-10-03,0.0,3.003,4.407,0.681,low
2024-10-04,0.0,3.003,4.407,0.681,low
2024-10-05,3.009,3.009,4.407,0.683,low
2024-10-06,3.01,6.019,4.659,1.292,optimal
2024-10-07,0.0,6.019,4.659,1.292,optimal
2024-10-08,0.0,6.019,4.659,1.292,optimal
2024-10-09,0.0,6.019,4.659,1.292,optimal
2024-10-10,0.0,6.019,4.659,1.292,optimal
2024-10-11,0.0,6.019,4.659,1.292,optimal
2024-10-12,0.0,3.01,3.908,0.77,low
2024-10-13,0.0,0.0,3.156,0.0,low
2024-10-14,0.0,0.0,3.156,0.0,low
2024-10-15,0.0,0.0,3.156,0.0,low
2024-10-16,0.0,0.0,3.156,0.0,low
2024-10-17,0.0,0.0,3.156,0.0,low
2024-10-18,0.0,0.0,3.156,0.0,low
2024-10-19,3.113,3.113,3.786,0.822,optimal
2024-10-20,0.0,3.113,3.034,1.026,optimal
2024-10-21,0.0,3.113,3.034,1.026,optimal
2024-10-22,2.004,5.117,3.535,1.448,optimal
2024-10-23,0.0,5.117,3.535,1.448,optimal
2024-10-24,0.0,5.117,3.535,1.448,optimal
2024-10-25,0.0,5.117,3.535,1.448,optimal
2024-10-26,3.005,5.008,3.535,1.417,optimal
2024-10-27,3.007,8.015,4.287,1.87,high
2024-10-28,0.0,8.015,4.287,1.87,high
2024-10-29,0.0,6.011,4.287,1.402,optimal
2024-10-30,0.0,6.011,4.287,1.402,optimal
2024-10-31,3.008,9.019,5.039,1.79,high
2024-11-01,0.0,9.019,5.039,1.79,high
2024-11-02,0.502,6.516,4.412,1.477,optimal
2024-11-03,3.0,6.509,4.409,1.476,optimal
2024-11-04,0.0,6.509,4.409,1.476,optimal
2024-11-05,0.0,6.509,4.409,1.476,optimal
2024-11-06,0.0,6.509,4.409,1.476,optimal
2024-11-07,0.0,3.502,4.409,0.794,low
2024-11-08,0.0,3.502,4.409,0.794,low
2024-11-09,1.642,4.641,4.82,0.963,optimal
2024-11-10,3.402,5.043,5.67,0.889,optimal
2024-11-11,0.0,5.043,5.67,0.889,optimal
2024-11-12,0.0,5.043,5.67,0.889,optimal
2024-11-13,0.0,5.043,5.67,0.889,optimal
2024-11-14,0.0,5.043,5.67,0.889,optimal
2024-11-15,0.0,5.043,5.67,0.889,optimal
2024-11-16,3.005,6.407,5.643,1.135,optimal
2024-11-17,0.0,3.005,5.643,0.533,low
2024-11-18,3.007,6.013,6.395,0.94,optimal
2024-11-19,0.0,6.013,5.894,1.02,optimal
2024-11-20,0.0,6.013,5.894,1.02,optimal
2024-11-21,0.0,6.013,5.894,1.02,optimal
2024-11-22,0.0,6.013,5.894,1.02,optimal
2024-11-23,0.0,3.007,5.143,0.585,low
2024-11-24,1.06,4.067,4.656,0.873,optimal
2024-11-25,0.0,1.06,4.656,0.228,low
2024-11-26,0.0,1.06,4.656,0.228,low
2024-11-27,2.004,3.064,5.157,0.594,low
2024-11-28,0.0,3.064,4.405,0.695,low
2024-11-29,0.0,3.064,4.405,0.695,low
2024-11-30,0.0,3.064,4.28,0.716,low
2024-12-01,0.0,2.004,3.53,0.568,low
2024-12-02,0.0,2.004,3.53,0.568,low
2024-12-03,0.0,2.004,3.53,0.568,low
2024-12-04,0.0,0.0,3.53,0.0,low
2024-12-05,0.0,0.0,3.53,0.0,low
2024-12-06,0.0,0.0,3.53,0.0,low
2024-12-07,0.0,0.0,3.12,0.0,low
2024-12-08,0.0,0.0,2.269,0.0,low
2024-12-09,0.0,0.0,2.269,0.0,low
2024-12-10,0.0,0.0,2.269,0.0,low
2024-12-11,0.087,0.087,2.291,0.038,low
2024-12-12,0.0,0.087,2.291,0.038,low
2024-12-13,0.0,0.087,2.291,0.038,low
2024-12-14,0.0,0.087,1.539,0.056,low
2024-12-15,0.0,0.087,1.539,0.056,low
2024-12-16,3.1,3.187,1.563,2.039,high
2024-12-17,0.0,3.187,1.563,2.039,high
2024-12-18,0.0,3.1,1.563,1.984,high
2024-12-19,0.0,3.1,1.563,1.984,high
2024-12-20,0.0,3.1,1.563,1.984,high
2024-12-21,0.0,3.1,1.563,1.984,high
2024-12-22,0.0,3.1,1.298,2.389,high
2024-12-23,0.0,0.0,1.298,0.0,low
2024-12-24,0.0,0.0,1.298,0.0,low
2024-12-25,0.0,0.0,0.797,0.0,low
2024-12-26,0.0,0.0,0.797,0.0,low
2024-12-27,0.0,0.0,0.797,0.0,low
2024-12-28,0.0,0.0,0.797,0.0,low
2024-12-29,0.0,0.0,0.797,0.0,low
2024-12-30,3.006,3.006,1.548,1.942,high
2024-12-31,0.0,3.006,1.548,1.942,high
2025-01-01,0.0,3.006,1.548,1.942,high
2025-01-02,0.0,3.006,1.548,1.942,high
2025-01-03,3.002,6.008,2.299,2.614,high
2025-01-04,3.005,9.013,3.05,2.955,high
2025-01-05,0.0,9.013,3.05,2.955,high
2025-01-06,0.0,6.006,3.05,1.969,high
2025-01-07,0.0,6.006,3.05,1.969,high
2025-01-08,0.0,6.006,3.028,1.984,high
2025-01-09,5.022,11.028,4.284,2.574,high
2025-01-10,0.0,8.027,4.284,1.874,high
2025-01-11,0.0,5.022,4.284,1.172,optimal
2025-01-12,0.0,5.022,4.284,1.172,optimal
2025-01-13,0.0,5.022,3.509,1.431,optimal
2025-01-14,0.0,5.022,3.509,1.431,optimal
2025-01-15,0.0,5.022,3.509,1.431,optimal
2025-01-16,0.0,0.0,3.509,0.0,low
2025-01-17,0.0,0.0,3.509,0.0,low
2025-01-18,0.0,0.0,3.509,0.0,low
2025-01-19,3.007,3.007,4.26,0.706,low
2025-01-20,0.0,3.007,4.26,0.706,low
2025-01-21,0.0,3.007,4.26,0.706,low
2025-01-22,0.0,3.007,4.26,0.706,low
2025-01-23,0.0,3.007,4.26,0.706,low
2025-01-24,0.0,3.007,4.26,0.706,low
2025-01-25,0.0,3.007,4.26,0.706,low
2025-01-26,0.0,0.0,4.26,0.0,low
2025-01-27,0.0,0.0,3.509,0.0,low
2025-01-28,0.0,0.0,3.509,0.0,low
2025-01-29,0.0,0.0,3.509,0.0,low
2025-01-30,0.0,0.0,3.509,0.0,low
2025-01-31,0.0,0.0,2.758,0.0,low
2025-02-01,0.0,0.0,2.007,0.0,low
2025-02-02,0.173,0.173,2.051,0.084,low
2025-02-03,3.008,3.182,2.803,1.135,optimal
2025-02-04,0.0,3.182,2.803,1.135,optimal
2025-02-05,0.0,3.182,2.803,1.135,optimal
2025-02-06,0.0,3.182,1.547,2.056,high
2025-02-07,0.0,3.182,1.547,2.056,high
2025-02-08,0.0,3.182,1.547,2.056,high
2025-02-09,0.0,3.008,1.547,1.944,high
2025-02-10,0.0,0.0,1.547,0.0,low
2025-02-11,0.0,0.0,1.547,0.0,low
2025-02-12,0.0,0.0,1.547,0.0,low
2025-02-13,0.0,0.0,1.547,0.0,low
2025-02-14,0.0,0.0,1.547,0.0,low
2025-02-15,0.0,0.0,1.547,0.0,low
2025-02-16,0.0,0.0,0.795,0.0,low
2025-02-17,0.0,0.0,0.795,0.0,low
2025-02-18,0.0,0.0,0.795,0.0,low
2025-02-19,0.0,0.0,0.795,0.0,low
2025-02-20,0.0,0.0,0.795,0.0,low
2025-02-21,0.0,0.0,0.795,0.0,low
2025-02-22,0.0,0.0,0.795,0.0,low
2025-02-23,0.0,0.0,0.795,0.0,low
2025-02-24,0.0,0.0,0.795,0.0,low
2025-02-25,0.0,0.0,0.795,0.0,low
2025-02-26,3.053,3.053,1.559,1.959,high
2025-02-27,0.0,3.053,1.559,1.959,high
2025-02-28,0.0,3.053,1.559,1.959,high
2025-03-01,0.0,3.053,1.559,1.959,high
2025-03-02,0.0,3.053,1.515,2.015,high
2025-03-03,0.0,3.053,0.763,4.0,high
2025-03-04,0.0,3.053,0.763,4.0,high
2025-03-05,0.0,0.0,0.763,0.0,low
2025-03-06,3.008,3.008,1.515,1.985,high
2025-03-07,0.0,3.008,1.515,1.985,high
2025-03-08,3.006,6.014,2.267,2.653,high
2025-03-09,3.003,9.017,3.017,2.988,high
2025-03-10,5.008,14.025,4.269,3.285,high
2025-03-11,4.209,18.234,5.322,3.426,high
2025-03-12,0.0,18.234,5.322,3.426,high
2025-03-13,0.0,15.226,5.322,2.861,high
2025-03-14,0.0,15.226,5.322,2.861,high
2025-03-15,0.0,12.22,5.322,2.296,high
2025-03-16,0.0,9.217,5.322,1.732,high
2025-03-17,0.0,4.209,5.322,0.791,low
2025-03-18,0.0,0.0,5.322,0.0,low
2025-03-19,0.0,0.0,5.322,0.0,low
2025-03-20,5.22,5.22,6.627,0.788,low
2025-03-21,0.0,5.22,6.627,0.788,low
2025-03-22,3.002,8.222,7.377,1.114,optimal
2025-03-23,0.0,8.222,7.377,1.114,optimal
2025-03-24,0.0,8.222,7.377,1.114,optimal
2025-03-25,13.107,21.329,10.654,2.002,high
2025-03-26,0.0,21.329,9.891,2.156,high
2025-03-27,0.0,16.109,9.891,1.629,high
2025-03-28,3.001,19.11,10.641,1.796,high
2025-03-29,0.0,16.108,10.641,1.514,high
2025-03-30,3.008,19.116,11.393,1.678,high
2025-03-31,4.007,23.123,12.395,1.866,high
2025-04-01,3.004,13.019,13.146,0.99,optimal
2025-04-02,0.0,13.019,13.146,0.99,optimal
2025-04-03,0.0,13.019,12.394,1.05,optimal
2025-04-04,4.005,14.023,13.395,1.047,optimal
2025-04-05,0.0,14.023,12.643,1.109,optimal
2025-04-06,0.0,11.015,11.893,0.926,optimal
2025-04-07,5.006,12.014,11.892,1.01,optimal
2025-04-08,2.008,11.018,11.342,0.971,optimal
2025-04-09,3.005,14.023,12.093,1.16,optimal
2025-04-10,0.0,14.023,12.093,1.16,optimal
2025-04-11,0.0,10.018,12.093,0.828,optimal
2025-04-12,0.0,10.018,12.093,0.828,optimal
2025-04-13,0.0,10.018,12.093,0.828,optimal
2025-04-14,0.0,5.012,12.093,0.414,low
2025-04-15,0.0,3.005,12.093,0.248,low
2025-04-16,0.0,0.0,12.093,0.0,low
2025-04-17,2.002,2.002,11.288,0.177,low
2025-04-18,0.0,2.002,11.288,0.177,low
2025-04-19,0.0,2.002,10.538,0.19,low
2025-04-20,0.0,2.002,10.538,0.19,low
2025-04-21,0.0,2.002,10.538,0.19,low
2025-04-22,3.005,5.007,8.012,0.625,low
2025-04-23,0.0,5.007,8.012,0.625,low
2025-04-24,0.0,3.005,8.012,0.375,low
2025-04-25,0.0,3.005,7.262,0.414,low
2025-04-26,0.0,3.005,7.262,0.414,low
2025-04-27,5.004,8.009,7.761,1.032,optimal
2025-04-28,0.0,8.009,6.76,1.185,optimal
2025-04-29,4.006,9.01,7.01,1.285,optimal
2025-04-30,3.005,12.015,7.761,1.548,high
2025-05-01,0.0,12.015,7.761,1.548,high
2025-05-02,0.0,12.015,6.76,1.777,high
2025-05-03,0.0,12.015,6.76,1.777,high
2025-05-04,3.002,10.013,7.511,1.333,optimal
2025-05-05,4.004,14.017,7.26,1.931,high
2025-05-06,0.0,10.011,6.758,1.481,optimal
2025-05-07,0.0,7.006,6.007,1.166,optimal
2025-05-08,3.003,10.009,6.758,1.481,optimal
2025-05-09,0.0,10.009,6.758,1.481,optimal
2025-05-10,0.0,10.009,6.758,1.481,optimal
2025-05-11,0.0,7.007,6.758,1.037,optimal
2025-05-12,3.005,6.008,7.509,0.8,optimal
2025-05-13,0.0,6.008,7.509,0.8,optimal
2025-05-14,1.502,7.51,7.885,0.953,optimal
2025-05-15,0.0,4.508,7.384,0.61,low
2025-05-16,0.0,4.508,7.384,0.61,low
2025-05-17,3.004,7.512,8.135,0.923,optimal
2025-05-18,3.003,10.515,8.886,1.183,optimal
2025-05-19,0.0,7.509,8.886,0.845,optimal
2025-05-20,0.0,7.509,8.135,0.923,optimal
2025-05-21,4.003,10.01,9.135,1.096,optimal
2025-05-22,4.004,14.014,10.136,1.383,optimal
2025-05-23,3.006,17.02,10.888,1.563,high
2025-05-24,3.005,17.021,11.639,1.462,optimal
2025-05-25,0.0,14.018,10.388,1.349,optimal
2025-05-26,0.0,14.018,10.388,1.349,optimal
2025-05-27,3.005,17.022,10.138,1.679,high
2025-05-28,4.001,17.02,10.387,1.639,high
2025-05-29,3.008,16.025,11.139,1.439,optimal
2025-05-30,0.0,13.019,11.139,1.169,optimal
2025-05-31,1.024,11.038,11.395,0.969,optimal
2025-06-01,3.004,14.042,11.395,1.232,optimal
2025-06-02,3.001,17.044,11.145,1.529,high
2025-06-03,0.0,14.039,11.145,1.26,optimal
2025-06-04,0.0,10.038,11.145,0.901,optimal
2025-06-05,0.0,7.03,10.394,0.676,low
2025-06-06,1.002,8.032,10.645,0.755,low
2025-06-07,0.0,7.008,10.645,0.658,low
2025-06-08,3.003,7.007,11.395,0.615,low
2025-06-09,0.0,4.005,10.644,0.376,low
2025-06-10,3.0,7.006,11.394,0.615,low
2025-06-11,4.005,11.011,12.02,0.916,optimal
2025-06-12,0.0,11.011,12.02,0.916,optimal
2025-06-13,0.0,10.009,12.02,0.833,optimal
2025-06-14,0.0,10.009,11.269,0.888,optimal
2025-06-15,3.005,10.01,11.269,0.888,optimal
2025-06-16,5.001,15.011,12.519,1.199,optimal
2025-06-17,0.0,12.01,12.519,0.959,optimal
2025-06-18,0.0,8.005,11.519,0.695,low
2025-06-19,0.0,8.005,10.518,0.761,low
2025-06-20,0.0,8.005,9.766,0.82,optimal
2025-06-21,0.0,8.005,9.015,0.888,optimal
2025-06-22,3.007,8.007,9.767,0.82,optimal
2025-06-23,0.0,3.007,9.767,0.308,low
2025-06-24,0.0,3.007,9.015,0.333,low
2025-06-25,0.0,3.007,8.015,0.375,low
2025-06-26,0.0,3.007,7.263,0.414,low
2025-06-27,0.0,3.007,7.263,0.414,low
2025-06-28,3.005,6.011,7.758,0.775,low
2025-06-29,0.0,3.005,7.007,0.429,low
2025-06-30,0.0,3.005,6.257,0.48,low
2025-07-01,0.0,3.005,6.257,0.48,low
2025-07-02,0.0,3.005,6.257,0.48,low
2025-07-03,0.0,3.005,6.257,0.48,low
2025-07-04,0.0,3.005,6.006,0.5,low
2025-07-05,3.003,3.003,6.757,0.444,low
2025-07-06,3.003,6.006,6.757,0.889,optimal
2025-07-07,0.0,6.006,6.757,0.889,optimal
2025-07-08,0.0,6.006,6.007,1.0,optimal
2025-07-09,0.0,6.006,5.006,1.2,optimal
2025-07-10,0.0,6.006,5.006,1.2,optimal
2025-07-11,0.0,6.006,5.006,1.2,optimal
2025-07-12,3.005,6.008,5.757,1.044,optimal
2025-07-13,3.005,6.01,5.757,1.044,optimal
2025-07-14,0.0,6.01,4.507,1.334,optimal
2025-07-15,0.0,6.01,4.507,1.334,optimal
2025-07-16,0.0,6.01,4.507,1.334,optimal
2025-07-17,0.0,6.01,4.507,1.334,optimal
2025-07-18,0.0,6.01,4.507,1.334,optimal
2025-07-19,0.0,3.005,4.507,0.667,low
2025-07-20,0.0,0.0,3.755,0.0,low
2025-07-21,0.0,0.0,3.755,0.0,low
2025-07-22,0.0,0.0,3.755,0.0,low
2025-07-23,0.0,0.0,3.755,0.0,low
2025-07-24,0.0,0.0,3.755,0.0,low
2025-07-25,0.0,0.0,3.755,0.0,low
2025-07-26,3.125,3.125,3.785,0.826,optimal
2025-07-27,3.0,6.125,4.535,1.351,optimal
2025-07-28,0.0,6.125,4.535,1.351,optimal
2025-07-29,0.0,6.125,4.535,1.351,optimal
2025-07-30,0.0,6.125,4.535,1.351,optimal
2025-07-31,0.0,6.125,4.535,1.351,optimal
2025-08-01,0.0,6.125,4.535,1.351,optimal
2025-08-02,3.003,6.004,4.535,1.324,optimal
2025-08-03,0.0,3.003,3.785,0.794,low
2025-08-04,0.0,3.003,3.785,0.794,low
2025-08-05,0.0,3.003,3.785,0.794,low
2025-08-06,0.0,3.003,3.785,0.794,low
2025-08-07,0.0,3.003,3.785,0.794,low
2025-08-08,0.0,3.003,3.785,0.794,low
2025-08-09,5.044,5.044,4.294,1.175,optimal
2025-08-10,3.006,8.05,4.295,1.874,high
2025-08-11,0.0,8.05,4.295,1.874,high
2025-08-12,0.0,8.05,4.295,1.874,high
2025-08-13,0.0,8.05,4.295,1.874,high
2025-08-14,0.0,8.05,4.295,1.874,high
2025-08-15,0.0,8.05,4.295,1.874,high
2025-08-16,8.503,11.509,6.42,1.793,high
2025-08-17,0.0,8.503,6.42,1.324,optimal
2025-08-18,3.004,11.507,7.171,1.605,high
2025-08-19,0.593,12.1,7.32,1.653,high
2025-08-20,0.0,12.1,7.32,1.653,high
2025-08-21,0.0,12.1,7.32,1.653,high
2025-08-22,3.018,15.118,8.074,1.872,high
2025-08-23,1.5,8.114,7.668,1.058,optimal
2025-08-24,0.0,8.114,6.918,1.173,optimal
2025-08-25,0.0,5.11,6.918,0.739,low
2025-08-26,3.003,7.52,7.668,0.981,optimal
2025-08-27,3.126,10.646,8.45,1.26,optimal
2025-08-28,2.002,12.648,8.95,1.413,optimal
2025-08-29,0.0,9.631,8.95,1.076,optimal
2025-08-30,0.0,8.131,8.2,0.992,optimal
2025-08-31,3.002,11.133,8.95,1.244,optimal
2025-09-01,3.005,14.137,9.701,1.457,optimal
2025-09-02,3.106,14.24,10.478,1.359,optimal
2025-09-03,0.0,11.114,10.478,1.061,optimal
2025-09-04,3.103,12.215,11.253,1.085,optimal
2025-09-05,0.0,12.215,11.253,1.085,optimal
2025-09-06,2.788,15.003,10.689,1.404,optimal
2025-09-07,0.0,12.001,9.938,1.208,optimal
2025-09-08,0.0,8.997,9.938,0.905,optimal
2025-09-09,0.0,5.891,9.938,0.593,low
2025-09-10,1.539,7.429,10.322,0.72,low
2025-09-11,3.111,7.438,11.1,0.67,low
2025-09-12,0.0,7.438,11.1,0.67,low
2025-09-13,10.005,14.654,11.476,1.277,optimal
2025-09-14,0.0,14.654,11.476,1.277,optimal
2025-09-15,0.0,14.654,10.725,1.366,optimal
2025-09-16,3.005,17.659,11.328,1.559,high
2025-09-17,0.0,16.121,11.328,1.423,optimal
2025-09-18,0.0,13.01,11.328,1.149,optimal
2025-09-19,0.0,13.01,10.573,1.23,optimal
2025-09-20,5.005,8.01,11.45,0.7,low
2025-09-21,3.005,11.015,12.201,0.903,optimal
2025-09-22,3.004,14.019,12.952,1.082,optimal
2025-09-23,3.004,14.018,12.952,1.082,optimal
2025-09-24,0.0,14.018,12.171,1.152,optimal
2025-09-25,0.0,14.018,11.67,1.201,optimal
2025-09-26,3.121,17.139,12.45,1.377,optimal
2025-09-27,0.0,12.134,12.45,0.975,optimal
2025-09-28,3.105,12.233,12.476,0.981,optimal
2025-09-29,5.005,14.234,12.976,1.097,optimal
2025-09-30,3.125,14.355,12.981,1.106,optimal
2025-10-01,3.134,17.489,13.764,1.271,optimal
2025-10-02,3.012,20.501,13.742,1.492,optimal
2025-10-03,0.0,17.38,13.742,1.265,optimal
2025-10-04,0.397,17.777,13.144,1.353,optimal
2025-10-05,3.005,17.677,13.895,1.272,optimal
2025-10-06,5.005,17.677,15.146,1.167,optimal
2025-10-07,5.003,19.555,16.397,1.193,optimal
2025-10-08,3.114,19.536,16.791,1.163,optimal
2025-10-09,3.118,19.642,16.793,1.17,optimal
2025-10-10,0.0,19.642,16.793,1.17,optimal
2025-10-11,3.005,22.25,15.043,1.479,optimal
2025-10-12,3.013,22.259,15.796,1.409,optimal
2025-10-13,3.002,20.256,16.547,1.224,optimal
2025-10-14,0.0,15.253,15.795,0.966,optimal
2025-10-15,3.004,15.143,16.546,0.915,optimal
2025-10-16,3.12,15.145,17.326,0.874,optimal
2025-10-17,0.0,15.145,17.326,0.874,optimal
2025-10-18,0.0,12.14,16.075,0.755,low
2025-10-19,3.121,12.248,16.104,0.761,low
2025-10-20,0.0,9.245,15.353,0.602,low
2025-10-21,7.003,16.248,16.353,0.994,optimal
2025-10-22,3.118,16.362,17.132,0.955,optimal
2025-10-23,3.13,16.371,17.915,0.914,optimal
2025-10-24,0.0,16.371,17.135,0.955,optimal
2025-10-25,3.091,19.462,17.907,1.087,optimal
2025-10-26,3.107,19.449,17.908,1.086,optimal
2025-10-27,5.007,24.456,17.908,1.366,optimal
2025-10-28,3.11,20.563,17.905,1.148,optimal
2025-10-29,3.128,20.573,17.903,1.149,optimal
2025-10-30,0.0,17.443,17.15,1.017,optimal
2025-10-31,0.0,17.443,17.15,1.017,optimal
2025-11-01,1.053,15.405,17.314,0.89,optimal
2025-11-02,13.431,25.728,19.921,1.292,optimal
2025-11-03,0.0,20.722,18.67,1.11,optimal
2025-11-04,2.006,19.618,17.92,1.095,optimal
2025-11-05,0.0,16.49,17.142,0.962,optimal
2025-11-06,3.108,19.598,17.139,1.143,optimal
2025-11-07,0.0,19.598,17.139,1.143,optimal
2025-11-08,0.0,18.545,16.388,1.132,optimal
2025-11-09,3.005,8.119,16.386,0.495,low
2025-11-10,0.0,8.119,15.635,0.519,low
2025-11-11,0.0,6.113,15.635,0.391,low
2025-11-12,0.0,6.113,14.884,0.411,low
2025-11-13,1.505,4.51,14.481,0.311,low
2025-11-14,0.0,4.51,14.481,0.311,low
2025-11-15,0.0,4.51,14.481,0.311,low
2025-11-16,3.004,4.509,14.451,0.312,low
2025-11-17,0.0,4.509,14.451,0.312,low
2025-11-18,0.0,4.509,12.701,0.355,low
2025-11-19,3.105,7.615,12.698,0.6,low
2025-11-20,0.0,6.109,11.915,0.513,low
2025-11-21,0.0,6.109,11.915,0.513,low
2025-11-22,3.127,9.237,11.924,0.775,low
2025-11-23,0.0,6.233,11.147,0.559,low
2025-11-24,0.0,6.233,9.896,0.63,low
2025-11-25,3.006,9.238,9.87,0.936,optimal
2025-11-26,3.002,9.135,9.838,0.929,optimal
2025-11-27,3.006,12.141,10.59,1.147,optimal
2025-11-28,0.0,12.141,10.59,1.147,optimal
2025-11-29,0.0,9.014,10.326,0.873,optimal
2025-11-30,0.0,9.014,6.969,1.293,optimal
2025-12-01,2.005,11.019,7.47,1.475,optimal
2025-12-02,0.0,8.013,6.968,1.15,optimal
2025-12-03,0.0,5.011,6.968,0.719,low
2025-12-04,3.135,5.14,6.975,0.737,low
2025-12-05,0.0,5.14,6.975,0.737,low
2025-12-06,3.003,8.142,7.726,1.054,optimal
2025-12-07,0.0,8.142,6.974,1.167,optimal
2025-12-08,0.0,6.137,6.974,0.88,optimal
2025-12-09,0.0,6.137,6.974,0.88,optimal
2025-12-10,3.127,9.264,7.756,1.194,optimal
2025-12-11,0.0,6.13,7.38,0.831,optimal
2025-12-12,0.0,6.13,7.38,0.831,optimal
2025-12-13,0.0,3.127,7.38,0.424,low
2025-12-14,0.0,3.127,6.629,0.472,low
2025-12-15,0.0,3.127,6.629,0.472,low
2025-12-16,0.0,3.127,6.629,0.472,low
2025-12-17,0.0,0.0,5.853,0.0,low
2025-12-18,3.276,3.276,6.672,0.491,low
2025-12-19,0.0,3.276,6.672,0.491,low
2025-12-20,6.328,9.604,7.472,1.285,optimal
2025-12-21,3.007,12.611,8.224,1.534,high
2025-12-22,0.0,12.611,8.224,1.534,high
2025-12-23,0.0,12.611,7.472,1.688,high
2025-12-24,3.086,15.697,7.493,2.095,high
2025-12-25,0.0,12.421,6.742,1.842,high
2025-12-26,0.0,12.421,6.742,1.842,high
2025-12-27,0.0,6.093,6.742,0.904,optimal
2025-12-28,0.0,3.086,6.742,0.458,low
2025-12-29,3.009,6.095,6.993,0.872,optimal
2025-12-30,0.0,6.095,6.993,0.872,optimal
2025-12-31,3.002,6.011,7.743,0.776,low
2026-01-01,0.0,6.011,6.959,0.864,optimal
2026-01-02,0.0,6.011,6.959,0.864,optimal
2026-01-03,3.01,9.021,6.961,1.296,optimal
2026-01-04,3.005,12.027,7.713,1.559,high
2026-01-05,0.0,9.017,7.713,1.169,optimal
2026-01-06,0.0,9.017,7.713,1.169,optimal
2026-01-07,0.0,6.015,6.931,0.868,optimal
2026-01-08,0.0,6.015,6.931,0.868,optimal
2026-01-09,0.0,6.015,6.931,0.868,optimal
2026-01-10,0.0,3.005,6.931,0.434,low
2026-01-11,3.016,3.016,7.685,0.392,low
2026-01-12,1.187,4.203,7.982,0.527,low
2026-01-13,3.006,7.208,8.733,0.825,optimal
2026-01-14,0.0,7.208,8.733,0.825,optimal
2026-01-15,3.352,10.56,8.752,1.207,optimal
2026-01-16,0.0,10.56,8.752,1.207,optimal
2026-01-17,0.0,10.56,7.17,1.473,optimal
2026-01-18,0.0,7.544,6.418,1.175,optimal
2026-01-19,0.0,6.357,6.418,0.991,optimal
2026-01-20,0.0,3.352,6.418,0.522,low
2026-01-21,0.0,3.352,5.647,0.594,low
2026-01-22,4.007,4.007,6.648,0.603,low
2026-01-23,0.0,4.007,6.648,0.603,low
2026-01-24,0.0,4.007,6.648,0.603,low
2026-01-25,0.0,4.007,6.648,0.603,low
2026-01-26,0.0,4.007,5.896,0.68,low
2026-01-27,5.204,9.212,7.197,1.28,optimal
2026-01-28,0.0,9.212,6.447,1.429,optimal
2026-01-29,3.006,8.21,7.198,1.141,optimal
2026-01-30,0.0,8.21,7.198,1.141,optimal
2026-01-31,0.0,8.21,6.446,1.274,optimal
2026-02-01,5.562,13.773,7.085,1.944,high
2026-02-02,6.003,19.776,8.586,2.303,high
2026-02-03,0.0,14.571,8.586,1.697,high
2026-02-04,0.0,14.571,8.586,1.697,high
2026-02-05,6.018,17.584,10.09,1.743,high
2026-02-06,0.0,17.584,10.09,1.743,high
2026-02-07,0.0,17.584,10.09,1.743,high
2026-02-08,0.0,12.021,9.336,1.288,optimal
2026-02-09,0.0,6.018,9.04,0.666,low
2026-02-10,0.0,6.018,8.288,0.726,low
2026-02-11,0.0,6.018,8.288,0.726,low
2026-02-12,5.218,5.218,8.755,0.596,low
2026-02-13,0.0,5.218,8.755,0.596,low
2026-02-14,0.0,5.218,8.755,0.596,low
2026-02-15,3.007,8.224,9.506,0.865,optimal
2026-02-16,5.119,13.343,10.786,1.237,optimal
2026-02-17,0.0,13.343,10.786,1.237,optimal
2026-02-18,0.0,13.343,10.786,1.237,optimal
2026-02-19,5.594,13.72,11.183,1.227,optimal
2026-02-20,0.0,13.72,11.183,1.227,optimal
2026-02-21,0.0,13.72,11.183,1.227,optimal
2026-02-22,3.005,13.718,11.934,1.149,optimal
2026-02-23,0.0,8.599,11.934,0.721,low
2026-02-24,0.0,8.599,10.633,0.809,optimal
2026-02-25,0.0,8.599,10.633,0.809,optimal
2026-02-26,5.168,8.173,11.174,0.731,low
2026-02-27,0.0,8.173,11.174,0.731,low
2026-02-28,0.0,8.173,11.174,0.731,low
2026-03-01,0.0,5.168,9.783,0.528,low
2026-03-02,0.0,5.168,8.282,0.624,low
2026-03-03,0.0,5.168,8.282,0.624,low
2026-03-04,0.0,5.168,8.282,0.624,low
2026-03-05,0.0,0.0,6.778,0.0,low
2026-03-06,3.177,3.177,7.572,0.42,low
2026-03-07,3.081,6.258,8.342,0.75,low
2026-03-08,3.053,9.311,9.105,1.023,optimal
2026-03-09,7.005,16.316,10.857,1.503,high
2026-03-10,0.0,16.316,10.857,1.503,high
2026-03-11,0.0,16.316,10.857,1.503,high
2026-03-12,5.381,21.697,10.898,1.991,high
2026-03-13,0.0,18.52,10.898,1.699,high
2026-03-14,0.0,15.439,10.898,1.417,optimal
2026-03-15,0.0,12.386,10.146,1.221,optimal
2026-03-16,0.0,5.381,8.866,0.607,low
2026-03-17,0.0,5.381,8.866,0.607,low
2026-03-18,0.0,5.381,8.866,0.607,low
2026-03-19,0.0,0.0,7.468,0.0,low
2026-03-20,0.0,0.0,7.468,0.0,low
2026-03-21,3.003,3.003,8.218,0.365,low
2026-03-22,0.0,3.003,7.467,0.402,low
2026-03-23,0.0,3.003,7.467,0.402,low
2026-03-24,5.215,8.218,8.771,0.937,optimal
2026-03-25,0.0,8.218,8.771,0.937,optimal
2026-03-26,5.401,13.619,8.829,1.543,high
2026-03-27,0.0,13.619,8.829,1.543,high
2026-03-28,3.006,13.622,9.58,1.422,optimal
2026-03-29,5.168,18.79,10.873,1.728,high
2026-03-30,0.0,18.79,10.873,1.728,high
2026-03-31,3.007,16.582,11.624,1.426,optimal
2026-04-01,0.0,16.582,11.624,1.426,optimal
2026-04-02,0.0,11.18,11.624,0.962,optimal
2026-04-03,5.267,16.448,12.147,1.354,optimal
2026-04-04,0.0,13.442,11.377,1.182,optimal
2026-04-05,0.0,8.274,10.613,0.78,low
2026-04-06,3.006,11.28,9.614,1.173,optimal
2026-04-07,0.0,8.274,9.614,0.861,optimal
2026-04-08,0.0,8.274,9.614,0.861,optimal
2026-04-09,5.717,13.99,9.697,1.443,optimal
2026-04-10,3.6,12.323,10.597,1.163,optimal
2026-04-11,0.0,12.323,10.597,1.163,optimal
2026-04-12,0.0,12.323,10.597,1.163,optimal
2026-04-13,3.007,12.324,11.349,1.086,optimal
2026-04-14,3.066,15.39,12.116,1.27,optimal
2026-04-15,0.0,15.39,12.116,1.27,optimal
2026-04-16,0.0,9.673,12.116,0.798,low
2026-04-17,0.0,6.073,12.116,0.501,low
2026-04-18,6.006,12.079,12.867,0.939,optimal
2026-04-19,3.005,15.085,13.618,1.108,optimal
2026-04-20,0.0,12.077,13.618,0.887,optimal
2026-04-21,0.0,9.011,12.314,0.732,low
2026-04-22,5.53,14.541,13.697,1.062,optimal
2026-04-23,3.009,17.55,13.099,1.34,optimal
2026-04-24,0.0,17.55,13.099,1.34,optimal
2026-04-25,0.0,11.544,12.347,0.935,optimal
2026-04-26,12.127,20.667,14.087,1.467,optimal
2026-04-27,0.0,20.667,14.087,1.467,optimal
2026-04-28,0.0,20.667,13.335,1.55,high
2026-04-29,0.0,15.136,13.335,1.135,optimal
2026-04-30,0.0,12.127,13.335,0.909,optimal
2026-05-01,0.0,12.127,12.018,1.009,optimal
2026-05-02,3.006,15.134,12.77,1.185,optimal
2026-05-03,0.0,3.006,12.77,0.235,low
2026-05-04,3.008,6.015,12.771,0.471,low
2026-05-05,0.0,6.015,12.771,0.471,low
2026-05-06,3.003,9.017,13.521,0.667,low
2026-05-07,0.0,9.017,12.092,0.746,low
2026-05-08,5.204,14.221,12.493,1.138,optimal
2026-05-09,0.0,11.215,12.493,0.898,optimal
2026-05-10,3.006,14.22,13.244,1.074,optimal
2026-05-11,0.0,11.212,12.493,0.897,optimal
2026-05-12,3.105,14.317,12.502,1.145,optimal
2026-05-13,0.0,11.314,12.502,0.905,optimal
2026-05-14,3.104,14.418,13.278,1.086,optimal
2026-05-15,5.067,14.282,14.545,0.982,optimal
2026-05-16,3.044,17.326,13.805,1.255,optimal
2026-05-17,3.003,17.323,13.804,1.255,optimal
2026-05-18,0.0,17.323,13.804,1.255,optimal
2026-05-19,3.004,17.222,14.555,1.183,optimal
2026-05-20,0.0,17.222,13.173,1.307,optimal
2026-05-21,3.505,17.624,13.297,1.325,optimal
2026-05-22,0.0,12.556,13.297,0.944,optimal
2026-05-23,0.0,9.512,13.297,0.715,low
2026-05-24,0.0,6.509,10.265,0.634,low
2026-05-25,5.2,11.709,11.565,1.012,optimal
2026-05-26,0.0,8.705,11.565,0.753,low
2026-05-27,5.227,13.932,12.871,1.082,optimal
2026-05-28,0.0,10.427,12.871,0.81,optimal
2026-05-29,3.132,13.558,13.654,0.993,optimal
2026-05-30,3.104,16.662,13.679,1.218,optimal
2026-05-31,0.0,16.662,13.679,1.218,optimal
2026-06-01,3.005,14.467,13.678,1.058,optimal
2026-06-02,0.0,14.467,13.678,1.058,optimal
2026-06-03,3.004,12.244,13.678,0.895,optimal
2026-06-04,0.0,12.244,13.678,0.895,optimal
2026-06-05,3.004,12.117,13.128,0.923,optimal
2026-06-06,0.0,9.013,13.128,0.687,low
2026-06-07,0.0,9.013,12.377,0.728,low
2026-06-08,0.0,6.008,12.377,0.485,low
2026-06-09,3.135,9.143,12.384,0.738,low
2026-06-10,0.0,6.139,12.384,0.496,low
2026-06-11,3.003,9.142,12.359,0.74,low
2026-06-12,0.0,6.138,11.092,0.553,low
2026-06-13,3.006,9.144,11.083,0.825,optimal
2026-06-14,0.0,9.144,10.332,0.885,optimal
2026-06-15,0.0,9.144,10.332,0.885,optimal
2026-06-16,0.0,6.009,9.581,0.627,low
2026-06-17,3.006,9.015,10.333,0.872,optimal
2026-06-18,0.0,6.013,9.456,0.636,low
2026-06-19,0.0,6.013,9.456,0.636,low
2026-06-20,3.008,6.014,10.208,0.589,low
2026-06-21,0.0,6.014,10.208,0.589,low
2026-06-22,0.0,6.014,8.908,0.675,low
2026-06-23,3.503,9.517,9.784,0.973,optimal
2026-06-24,0.0,6.511,8.477,0.768,low
2026-06-25,3.006,9.517,9.229,1.031,optimal
2026-06-26,0.0,9.517,8.446,1.127,optimal
2026-06-27,3.205,9.713,8.471,1.147,optimal
2026-06-28,0.0,9.713,8.471,1.147,optimal
2026-06-29,0.0,9.713,7.72,1.258,optimal
2026-06-30,3.004,9.214,8.471,1.088,optimal
2026-07-01,0.0,9.214,7.72,1.194,optimal
2026-07-02,0.0,6.208,7.72,0.804,optimal
2026-07-03,0.0,6.208,6.969,0.891,optimal
2026-07-04,0.0,3.004,6.969,0.431,low
2026-07-05,1.036,4.04,7.228,0.559,low
2026-07-06,0.0,4.04,7.228,0.559,low
2026-07-07,3.003,4.04,7.195,0.561,low
2026-07-08,0.0,4.04,7.195,0.561,low
2026-07-09,3.005,7.045,7.196,0.979,optimal
2026-07-10,0.0,7.045,7.196,0.979,optimal
2026-07-11,0.0,7.045,6.444,1.093,optimal
2026-07-12,3.003,9.011,7.195,1.252,optimal
2026-07-13,0.0,9.011,7.195,1.252,optimal
2026-07-14,3.006,9.014,7.946,1.134,optimal
2026-07-15,0.0,9.014,7.195,1.253,optimal
2026-07-16,0.0,6.009,7.195,0.835,optimal
2026-07-17,0.0,6.009,7.195,0.835,optimal
2026-07-18,3.003,9.012,7.194,1.253,optimal
2026-07-19,6.501,12.51,8.819,1.419,optimal
2026-07-20,5.007,17.517,10.071,1.739,high
2026-07-21,0.0,14.511,9.195,1.578,high
2026-07-22,5.005,19.516,10.446,1.868,high
2026-07-23,0.0,19.516,9.695,2.013,high
2026-07-24,3.004,22.52,10.446,2.156,high
2026-07-25,0.0,19.516,9.644,2.024,high
2026-07-26,3.006,16.021,10.396,1.541,high
2026-07-27,0.0,11.015,10.396,1.06,optimal
2026-07-28,0.0,11.015,9.645,1.142,optimal
2026-07-29,5.341,11.35,10.98,1.034,optimal
2026-07-30,3.006,14.357,11.732,1.224,optimal
2026-07-31,0.0,11.353,11.732,0.968,optimal
2026-08-01,5.0,16.352,12.982,1.26,optimal
2026-08-02,3.002,16.349,13.473,1.213,optimal
2026-08-03,5.007,21.356,14.725,1.45,optimal
2026-08-04,0.0,21.356,13.974,1.528,high
2026-08-05,0.0,16.015,13.974,1.146,optimal
2026-08-06,0.0,13.009,13.223,0.984,optimal
2026-08-07,0.0,13.009,13.223,0.984,optimal
2026-08-08,0.0,8.009,13.223,0.606,low
2026-08-09,5.005,10.012,13.723,0.73,low
2026-08-10,3.006,8.011,14.475,0.553,low
2026-08-11,0.0,8.011,13.723,0.584,low
2026-08-12,0.0,8.011,13.723,0.584,low
2026-08-13,5.064,13.075,14.989,0.872,optimal
2026-08-14,3.005,16.08,15.74,1.022,optimal
2026-08-15,5.006,21.086,16.241,1.298,optimal
2026-08-16,0.0,16.081,14.616,1.1,optimal
2026-08-17,5.005,18.079,14.615,1.237,optimal
2026-08-18,0.0,18.079,14.615,1.237,optimal
2026-08-19,0.0,18.079,13.364,1.353,optimal
2026-08-20,0.0,13.015,13.364,0.974,optimal
2026-08-21,5.003,15.014,13.864,1.083,optimal
2026-08-22,6.005,16.013,15.365,1.042,optimal
2026-08-23,0.0,16.013,14.614,1.096,optimal
2026-08-24,3.004,14.012,15.365,0.912,optimal
2026-08-25,0.0,14.012,15.365,0.912,optimal
2026-08-26,0.0,14.012,14.03,0.999,optimal
2026-08-27,0.0,14.012,13.278,1.055,optimal
2026-08-28,3.029,12.038,14.035,0.858,optimal
2026-08-29,0.0,6.034,12.785,0.472,low
2026-08-30,5.006,11.04,13.286,0.831,optimal
2026-08-31,3.004,11.039,12.785,0.863,optimal
2026-09-01,0.0,11.039,12.785,0.863,optimal
2026-09-02,5.004,16.043,14.036,1.143,optimal
2026-09-03,3.007,19.05,14.788,1.288,optimal
2026-09-04,0.0,16.02,14.788,1.083,optimal
2026-09-05,0.0,16.02,14.788,1.083,optimal
2026-09-06,3.127,14.141,14.319,0.988,optimal
2026-09-07,6.0,17.138,15.067,1.137,optimal
2026-09-08,0.0,17.138,15.067,1.137,optimal
2026-09-09,5.021,17.154,16.322,1.051,optimal
2026-09-10,1.103,15.251,15.332,0.995,optimal
2026-09-11,0.0,15.251,14.581,1.046,optimal
2026-09-12,0.758,16.009,13.519,1.184,optimal
2026-09-13,0.0,12.882,13.519,0.953,optimal
2026-09-14,0.0,6.882,12.268,0.561,low
2026-09-15,3.004,9.886,13.019,0.759,low
2026-09-16,3.004,7.869,13.77,0.571,low
2026-09-17,0.0,6.765,13.77,0.491,low
2026-09-18,0.0,6.765,12.519,0.54,low
2026-09-19,0.0,6.008,11.018,0.545,low
2026-09-20,10.0,16.008,13.518,1.184,optimal
2026-09-21,0.0,16.008,12.767,1.254,optimal
2026-09-22,0.0,13.004,12.767,1.019,optimal
2026-09-23,5.028,15.028,14.024,1.072,optimal
2026-09-24,3.005,18.033,14.775,1.221,optimal
2026-09-25,0.0,18.033,14.018,1.286,optimal
2026-09-26,0.0,18.033,14.018,1.286,optimal
2026-09-27,0.0,8.033,12.766,0.629,low
2026-09-28,0.0,8.033,12.015,0.669,low
2026-09-29,0.0,8.033,12.015,0.669,low
2026-09-30,5.003,8.008,12.015,0.667,low
2026-10-01,0.0,5.003,11.263,0.444,low
2026-10-02,0.0,5.003,11.263,0.444,low
2026-10-03,3.004,8.007,12.014,0.666,low
2026-10-04,8.0,16.008,13.233,1.21,optimal
2026-10-05,3.005,19.012,12.484,1.523,high
2026-10-06,0.0,19.012,12.484,1.523,high
2026-10-07,3.004,17.013,11.98,1.42,optimal
2026-10-08,5.006,22.019,12.955,1.7,high
