week_start,week_end,predicted_seconds,predicted_time,gap_to_bq_seconds,source_effort,source_time,source_date,source_activity_id
2022-08-01,2022-08-07,,,,,,,
2022-08-08,2022-08-14,,,,,,,
2022-08-15,2022-08-21,,,,,,,
2022-08-22,2022-08-28,,,,,,,
2022-08-29,2022-09-04,,,,,,,
2022-09-05,2022-09-11,,,,,,,
2022-09-12,2022-09-18,,,,,,,
2022-09-19,2022-09-25,,,,,,,
2022-09-26,2022-10-02,,,,,,,
2022-10-03,2022-10-09,,,,,,,
2022-10-10,2022-10-16,,,,,,,
2022-10-17,2022-10-23,,,,,,,
2022-10-24,2022-10-30,,,,,,,
2022-10-31,2022-11-06,,,,,,,
2022-11-07,2022-11-13,,,,,,,
2022-11-14,2022-11-20,,,,,,,
2022-11-21,2022-11-27,,,,,,,
2022-11-28,2022-12-04,,,,,,,
2022-12-05,2022-12-11,,,,,,,
2022-12-12,2022-12-18,,,,,,,
2022-12-19,2022-12-25,,,,,,,
2022-12-26,2023-01-01,,,,,,,
2023-01-02,2023-01-08,,,,,,,
2023-01-09,2023-01-15,,,,,,,
2023-01-16,2023-01-22,,,,,,,
2023-01-23,2023-01-29,,,,,,,
2023-01-30,2023-02-05,,,,,,,
2023-02-06,2023-02-12,,,,,,,
2023-02-13,2023-02-19,,,,,,,
2023-02-20,2023-02-26,,,,,,,
2023-02-27,2023-03-05,,,,,,,
2023-03-06,2023-03-12,,,,,,,
2023-03-13,2023-03-19,,,,,,,
2023-03-20,2023-03-26,,,,,,,
2023-03-27,2023-04-02,23249,6:27:29,12749,5K,0:40:24,2023-04-01,8814390712
2023-04-03,2023-04-09,23249,6:27:29,12749,5K,0:40:24,2023-04-01,8814390712
2023-04-10,2023-04-16,23249,6:27:29,12749,5K,0:40:24,2023-04-01,8814390712
2023-04-17,2023-04-23,23249,6:27:29,12749,5K,0:40:24,2023-04-01,8814390712
2023-04-24,2023-04-30,23249,6:27:29,12749,5K,0:40:24,2023-04-01,8814390712
2023-05-01,2023-05-07,23249,6:27:29,12749,5K,0:40:24,2023-04-01,8814390712
2023-05-08,2023-05-14,23249,6:27:29,12749,5K,0:40:24,2023-04-01,8814390712
2023-05-15,2023-05-21,23249,6:27:29,12749,5K,0:40:24,2023-04-01,8814390712
2023-05-22,2023-05-28,,,,,,,
2023-05-29,2023-06-04,,,,,,,
2023-06-05,2023-06-11,,,,,,,
2023-06-12,2023-06-18,,,,,,,
2023-06-19,2023-06-25,,,,,,,
2023-06-26,2023-07-02,,,,,,,
2023-07-03,2023-07-09,,,,,,,
2023-07-10,2023-07-16,,,,,,,
2023-07-17,2023-07-23,,,,,,,
2023-07-24,2023-07-30,,,,,,,
2023-07-31,2023-08-06,14828,4:07:08,4328,5K,0:25:46,2023-08-06,9595429834
2023-08-07,2023-08-13,14828,4:07:08,4328,5K,0:25:46,2023-08-06,9595429834
2023-08-14,2023-08-20,14828,4:07:08,4328,5K,0:25:46,2023-08-06,9595429834
2023-08-21,2023-08-27,14828,4:07:08,4328,5K,0:25:46,2023-08-06,9595429834
2023-08-28,2023-09-03,14828,4:07:08,4328,5K,0:25:46,2023-08-06,9595429834
2023-09-04,2023-09-10,14828,4:07:08,4328,5K,0:25:46,2023-08-06,9595429834
2023-09-11,2023-09-17,14828,4:07:08,4328,5K,0:25:46,2023-08-06,9595429834
2023-09-18,2023-09-24,14828,4:07:08,4328,5K,0:25:46,2023-08-06,9595429834
2023-09-25,2023-10-01,,,,,,,
2023-10-02,2023-10-08,,,,,,,
2023-10-09,2023-10-15,,,,,,,
2023-10-16,2023-10-22,,,,,,,
2023-10-23,2023-10-29,,,,,,,
2023-10-30,2023-11-05,,,,,,,
2023-11-06,2023-11-12,,,,,,,
2023-11-13,2023-11-19,,,,,,,
2023-11-20,2023-11-26,,,,,,,
2023-11-27,2023-12-03,15096,4:11:36,4596,5K,0:26:14,2023-12-03,10323032358
2023-12-04,2023-12-10,15096,4:11:36,4596,5K,0:26:14,2023-12-03,10323032358
2023-12-11,2023-12-17,15096,4:11:36,4596,5K,0:26:14,2023-12-03,10323032358
2023-12-18,2023-12-24,15096,4:11:36,4596,5K,0:26:14,2023-12-03,10323032358
2023-12-25,2023-12-31,15096,4:11:36,4596,5K,0:26:14,2023-12-03,10323032358
2024-01-01,2024-01-07,15096,4:11:36,4596,5K,0:26:14,2023-12-03,10323032358
2024-01-08,2024-01-14,15096,4:11:36,4596,5K,0:26:14,2023-12-03,10323032358
2024-01-15,2024-01-21,15096,4:11:36,4596,5K,0:26:14,2023-12-03,10323032358
2024-01-22,2024-01-28,15319,4:15:19,4819,10K,0:55:30,2024-01-02,10482244850
2024-01-29,2024-02-04,15319,4:15:19,4819,10K,0:55:30,2024-01-02,10482244850
2024-02-05,2024-02-11,15319,4:15:19,4819,10K,0:55:30,2024-01-02,10482244850
2024-02-12,2024-02-18,15319,4:15:19,4819,10K,0:55:30,2024-01-02,10482244850
2024-02-19,2024-02-25,15319,4:15:19,4819,10K,0:55:30,2024-01-02,10482244850
2024-02-26,2024-03-03,,,,,,,
2024-03-04,2024-03-10,,,,,,,
2024-03-11,2024-03-17,,,,,,,
2024-03-18,2024-03-24,,,,,,,
2024-03-25,2024-03-31,,,,,,,
2024-04-01,2024-04-07,,,,,,,
2024-04-08,2024-04-14,,,,,,,
2024-04-15,2024-04-21,,,,,,,
2024-04-22,2024-04-28,,,,,,,
2024-04-29,2024-05-05,,,,,,,
2024-05-06,2024-05-12,,,,,,,
2024-05-13,2024-05-19,,,,,,,
2024-05-20,2024-05-26,,,,,,,
2024-05-27,2024-06-02,,,,,,,
2024-06-03,2024-06-09,,,,,,,
2024-06-10,2024-06-16,16036,4:27:16,5536,5K,0:27:52,2024-06-16,11673894206
2024-06-17,2024-06-23,14991,4:09:51,4491,5K,0:26:03,2024-06-18,11682027965
2024-06-24,2024-06-30,14991,4:09:51,4491,5K,0:26:03,2024-06-18,11682027965
2024-07-01,2024-07-07,14991,4:09:51,4491,5K,0:26:03,2024-06-18,11682027965
2024-07-08,2024-07-14,14991,4:09:51,4491,5K,0:26:03,2024-06-18,11682027965
2024-07-15,2024-07-21,14991,4:09:51,4491,5K,0:26:03,2024-06-18,11682027965
2024-07-22,2024-07-28,14991,4:09:51,4491,5K,0:26:03,2024-06-18,11682027965
2024-07-29,2024-08-04,14991,4:09:51,4491,5K,0:26:03,2024-06-18,11682027965
2024-08-05,2024-08-11,14991,4:09:51,4491,5K,0:26:03,2024-06-18,11682027965
2024-08-12,2024-08-18,15749,4:22:29,5249,5K,0:27:22,2024-08-16,12162883759
2024-08-19,2024-08-25,15749,4:22:29,5249,5K,0:27:22,2024-08-16,12162883759
2024-08-26,2024-09-01,15749,4:22:29,5249,5K,0:27:22,2024-08-16,12162883759
2024-09-02,2024-09-08,15749,4:22:29,5249,5K,0:27:22,2024-08-16,12162883759
2024-09-09,2024-09-15,15749,4:22:29,5249,5K,0:27:22,2024-08-16,12162883759
2024-09-16,2024-09-22,15749,4:22:29,5249,5K,0:27:22,2024-08-16,12162883759
2024-09-23,2024-09-29,15749,4:22:29,5249,5K,0:27:22,2024-08-16,12162883759
2024-09-30,2024-10-06,15749,4:22:29,5249,5K,0:27:22,2024-08-16,12162883759
2024-10-07,2024-10-13,,,,,,,
2024-10-14,2024-10-20,15077,4:11:17,4577,5K,0:26:12,2024-10-19,12692636002
2024-10-21,2024-10-27,15077,4:11:17,4577,5K,0:26:12,2024-10-19,12692636002
2024-10-28,2024-11-03,15077,4:11:17,4577,5K,0:26:12,2024-10-19,12692636002
2024-11-04,2024-11-10,15077,4:11:17,4577,5K,0:26:12,2024-10-19,12692636002
2024-11-11,2024-11-17,15077,4:11:17,4577,5K,0:26:12,2024-10-19,12692636002
2024-11-18,2024-11-24,15077,4:11:17,4577,5K,0:26:12,2024-10-19,12692636002
2024-11-25,2024-12-01,15077,4:11:17,4577,5K,0:26:12,2024-10-19,12692636002
2024-12-02,2024-12-08,15077,4:11:17,4577,5K,0:26:12,2024-10-19,12692636002
2024-12-09,2024-12-15,15106,4:11:46,4606,5K,0:26:15,2024-11-10,12869553231
2024-12-16,2024-12-22,15106,4:11:46,4606,5K,0:26:15,2024-11-10,12869553231
2024-12-23,2024-12-29,15106,4:11:46,4606,5K,0:26:15,2024-11-10,12869553231
2024-12-30,2025-01-05,,,,,,,
2025-01-06,2025-01-12,13878,3:51:18,3378,5K,0:24:07,2025-01-09,13310433892
2025-01-13,2025-01-19,13878,3:51:18,3378,5K,0:24:07,2025-01-09,13310433892
2025-01-20,2025-01-26,13878,3:51:18,3378,5K,0:24:07,2025-01-09,13310433892
2025-01-27,2025-02-02,13878,3:51:18,3378,5K,0:24:07,2025-01-09,13310433892
2025-02-03,2025-02-09,13878,3:51:18,3378,5K,0:24:07,2025-01-09,13310433892
2025-02-10,2025-02-16,13878,3:51:18,3378,5K,0:24:07,2025-01-09,13310433892
2025-02-17,2025-02-23,13878,3:51:18,3378,5K,0:24:07,2025-01-09,13310433892
2025-02-24,2025-03-02,13878,3:51:18,3378,5K,0:24:07,2025-01-09,13310433892
2025-03-03,2025-03-09,,,,,,,
2025-03-10,2025-03-16,13197,3:39:57,2697,5K,0:22:56,2025-03-11,13856065175
2025-03-17,2025-03-23,13197,3:39:57,2697,5K,0:22:56,2025-03-11,13856065175
2025-03-24,2025-03-30,13106,3:38:26,2606,10K,0:47:29,2025-03-25,13987460369
2025-03-31,2025-04-06,11759,3:15:59,1259,5K,0:20:26,2025-03-31,14043326720
2025-04-07,2025-04-13,11759,3:15:59,1259,5K,0:20:26,2025-03-31,14043326720
2025-04-14,2025-04-20,11759,3:15:59,1259,5K,0:20:26,2025-03-31,14043326720
2025-04-21,2025-04-27,11759,3:15:59,1259,5K,0:20:26,2025-03-31,14043326720
2025-04-28,2025-05-04,11759,3:15:59,1259,5K,0:20:26,2025-03-31,14043326720
2025-05-05,2025-05-11,11759,3:15:59,1259,5K,0:20:26,2025-03-31,14043326720
2025-05-12,2025-05-18,11759,3:15:59,1259,5K,0:20:26,2025-03-31,14043326720
2025-05-19,2025-05-25,11759,3:15:59,1259,5K,0:20:26,2025-03-31,14043326720
2025-05-26,2025-06-01,12411,3:26:51,1911,5K,0:21:34,2025-05-28,14620645804
2025-06-02,2025-06-08,12411,3:26:51,1911,5K,0:21:34,2025-05-28,14620645804
2025-06-09,2025-06-15,12411,3:26:51,1911,5K,0:21:34,2025-05-28,14620645804
2025-06-16,2025-06-22,12411,3:26:51,1911,5K,0:21:34,2025-05-28,14620645804
2025-06-23,2025-06-29,12411,3:26:51,1911,5K,0:21:34,2025-05-28,14620645804
2025-06-30,2025-07-06,12411,3:26:51,1911,5K,0:21:34,2025-05-28,14620645804
2025-07-07,2025-07-13,12411,3:26:51,1911,5K,0:21:34,2025-05-28,14620645804
2025-07-14,2025-07-20,12411,3:26:51,1911,5K,0:21:34,2025-05-28,14620645804
2025-07-21,2025-07-27,14022,3:53:42,3522,5K,0:24:22,2025-07-26,15241710194
2025-07-28,2025-08-03,14022,3:53:42,3522,5K,0:24:22,2025-07-26,15241710194
2025-08-04,2025-08-10,13907,3:51:47,3407,5K,0:24:10,2025-08-09,15399271176
2025-08-11,2025-08-17,13907,3:51:47,3407,5K,0:24:10,2025-08-09,15399271176
2025-08-18,2025-08-24,13907,3:51:47,3407,5K,0:24:10,2025-08-09,15399271176
2025-08-25,2025-08-31,13092,3:38:12,2592,5K,0:22:45,2025-08-27,15609863164
2025-09-01,2025-09-07,13092,3:38:12,2592,5K,0:22:45,2025-08-27,15609863164
2025-09-08,2025-09-14,13092,3:38:12,2592,5K,0:22:45,2025-08-27,15609863164
2025-09-15,2025-09-21,13092,3:38:12,2592,5K,0:22:45,2025-08-27,15609863164
2025-09-22,2025-09-28,13092,3:38:12,2592,5K,0:22:45,2025-08-27,15609863164
2025-09-29,2025-10-05,13092,3:38:12,2592,5K,0:22:45,2025-08-27,15609863164
2025-10-06,2025-10-12,12862,3:34:22,2362,5K,0:22:21,2025-10-07,16068013549
2025-10-13,2025-10-19,12862,3:34:22,2362,5K,0:22:21,2025-10-07,16068013549
2025-10-20,2025-10-26,12862,3:34:22,2362,5K,0:22:21,2025-10-07,16068013549
2025-10-27,2025-11-02,12862,3:34:22,2362,5K,0:22:21,2025-10-07,16068013549
2025-11-03,2025-11-09,12862,3:34:22,2362,5K,0:22:21,2025-10-07,16068013549
2025-11-10,2025-11-16,12862,3:34:22,2362,5K,0:22:21,2025-10-07,16068013549
2025-11-17,2025-11-23,12862,3:34:22,2362,5K,0:22:21,2025-10-07,16068013549
2025-11-24,2025-11-30,12862,3:34:22,2362,5K,0:22:21,2025-10-07,16068013549
2025-12-01,2025-12-07,13235,3:40:35,2735,10K,0:47:57,2025-10-21,16215735840
2025-12-08,2025-12-14,13235,3:40:35,2735,10K,0:47:57,2025-10-21,16215735840
2025-12-15,2025-12-21,13293,3:41:33,2793,5K,0:23:06,2025-11-22,16536497388
2025-12-22,2025-12-28,13293,3:41:33,2793,5K,0:23:06,2025-11-22,16536497388
2025-12-29,2026-01-04,13293,3:41:33,2793,5K,0:23:06,2025-11-22,16536497388
2026-01-05,2026-01-11,13293,3:41:33,2793,5K,0:23:06,2025-11-22,16536497388
2026-01-12,2026-01-18,12958,3:35:58,2458,5K,0:22:31,2026-01-15,17062594052
2026-01-19,2026-01-25,12958,3:35:58,2458,5K,0:22:31,2026-01-15,17062594052
2026-01-26,2026-02-01,12958,3:35:58,2458,5K,0:22:31,2026-01-15,17062594052
2026-02-02,2026-02-08,12958,3:35:58,2458,5K,0:22:31,2026-01-15,17062594052
2026-02-09,2026-02-15,12958,3:35:58,2458,5K,0:22:31,2026-01-15,17062594052
2026-02-16,2026-02-22,12958,3:35:58,2458,5K,0:22:31,2026-01-15,17062594052
2026-02-23,2026-03-01,12958,3:35:58,2458,5K,0:22:31,2026-01-15,17062594052
2026-03-02,2026-03-08,12958,3:35:58,2458,5K,0:22:31,2026-01-15,17062594052
2026-03-09,2026-03-15,12825,3:33:45,2325,10K,0:46:28,2026-03-09,17664533955
2026-03-16,2026-03-22,12825,3:33:45,2325,10K,0:46:28,2026-03-09,17664533955
2026-03-23,2026-03-29,12825,3:33:45,2325,10K,0:46:28,2026-03-09,17664533955
2026-03-30,2026-04-05,12825,3:33:45,2325,10K,0:46:28,2026-03-09,17664533955
2026-04-06,2026-04-12,12825,3:33:45,2325,10K,0:46:28,2026-03-09,17664533955
2026-04-13,2026-04-19,12825,3:33:45,2325,10K,0:46:28,2026-03-09,17664533955
2026-04-20,2026-04-26,12825,3:33:45,2325,10K,0:46:28,2026-03-09,17664533955
2026-04-27,2026-05-03,12825,3:33:45,2325,10K,0:46:28,2026-03-09,17664533955
2026-05-04,2026-05-10,13076,3:37:56,2576,10 mile,1:18:26,2026-04-26,18267034819
2026-05-11,2026-05-17,13076,3:37:56,2576,10 mile,1:18:26,2026-04-26,18267034819
2026-05-18,2026-05-24,13076,3:37:56,2576,10 mile,1:18:26,2026-04-26,18267034819
2026-05-25,2026-05-31,13076,3:37:56,2576,10 mile,1:18:26,2026-04-26,18267034819
2026-06-01,2026-06-07,13076,3:37:56,2576,10 mile,1:18:26,2026-04-26,18267034819
2026-06-08,2026-06-14,13076,3:37:56,2576,10 mile,1:18:26,2026-04-26,18267034819
2026-06-15,2026-06-21,13600,3:46:40,3100,5K,0:23:38,2026-05-08,18430188976
2026-06-22,2026-06-28,13600,3:46:40,3100,5K,0:23:38,2026-05-08,18430188976
2026-06-29,2026-07-05,13687,3:48:07,3187,5K,0:23:47,2026-05-15,18516811835
2026-07-06,2026-07-12,13696,3:48:16,3196,5K,0:23:48,2026-05-25,18654253177
2026-07-13,2026-07-19,13364,3:42:44,2864,10K,0:48:25,2026-07-19,19378421043
2026-07-20,2026-07-26,13364,3:42:44,2864,10K,0:48:25,2026-07-19,19378421043
2026-07-27,2026-08-02,13364,3:42:44,2864,10K,0:48:25,2026-07-19,19378421043
2026-08-03,2026-08-09,13364,3:42:44,2864,10K,0:48:25,2026-07-19,19378421043
2026-08-10,2026-08-16,13364,3:42:44,2864,10K,0:48:25,2026-07-19,19378421043
2026-08-17,2026-08-23,13364,3:42:44,2864,10K,0:48:25,2026-07-19,19378421043
2026-08-24,2026-08-30,13364,3:42:44,2864,10K,0:48:25,2026-07-19,19378421043
2026-08-31,2026-09-06,13364,3:42:44,2864,10K,0:48:25,2026-07-19,19378421043
2026-09-07,2026-09-13,13802,3:50:02,3302,5K,0:23:59,2026-08-22,19856430711
2026-09-14,2026-09-20,13802,3:50:02,3302,5K,0:23:59,2026-08-22,19856430711
2026-09-21,2026-09-27,13802,3:50:02,3302,5K,0:23:59,2026-08-22,19856430711
2026-09-28,2026-10-04,13802,3:50:02,3302,5K,0:23:59,2026-08-22,19856430711
2026-10-05,2026-10-11,13802,3:50:02,3302,5K,0:23:59,2026-08-22,19856430711
